category,tags,series_ticker,event_ticker,event_title,close_time,time_to_close_hours,num_markets,total_volume,total_volume_24h,total_open_interest
Climate and Weather,Daily temperature,KXHIGHLAX,KXHIGHLAX-26FEB05,"Highest temperature in LA on Feb 5, 2026?",2026-02-06 07:59:00+00:00,5.2,6,626806,594759,418680
Climate and Weather,Daily temperature,KXHIGHNY,KXHIGHNY-26FEB05,"Highest temperature in NYC on Feb 5, 2026?",2026-02-06 04:59:00+00:00,2.2,6,335417,317601,171132
Climate and Weather,Climate change,KXHMONTH,KXHMONTH-26JAN,This Jan 2026 is the hottest January ever?,2026-02-16 04:59:00+00:00,242.2,1,239162,7064,110156
Climate and Weather,Daily temperature,KXHIGHMIA,KXHIGHMIA-26FEB05,"Highest temperature in Miami on Feb 5, 2026?",2026-02-06 04:59:00+00:00,2.2,6,235777,217445,149765
Climate and Weather,"Daily temperature, High temp",KXHIGHTDC,KXHIGHTDC-26FEB05,"Highest temperature in Washington DC on Feb 5, 2026?",2026-02-06 05:00:00+00:00,2.21,6,179370,170237,100815
Climate and Weather,Daily temperature,KXHIGHAUS,KXHIGHAUS-26FEB05,"Highest temperature in Austin on Feb 5, 2026?",2026-02-06 05:59:00+00:00,3.2,6,162159,139378,89309
Climate and Weather,Daily temperature,KXLOWTDEN,KXLOWTDEN-26FEB05,"Lowest temperature in Denver on Feb 5, 2026?",2026-02-06 07:00:00+00:00,4.21,6,139746,134354,135289
Climate and Weather,Daily temperature,KXHIGHCHI,KXHIGHCHI-26FEB05,"Highest temperature in Chicago on Feb 5, 2026?",2026-02-06 05:59:00+00:00,3.2,6,102629,92633,54349
Climate and Weather,Daily temperature,KXHIGHDEN,KXHIGHDEN-26FEB05,"Highest temperature in Denver on Feb 5, 2026?",2026-02-06 06:59:00+00:00,4.2,6,87429,80190,46844
Climate and Weather,"Daily temperature, High temp",KXHIGHTSFO,KXHIGHTSFO-26FEB05,"Highest temperature in San Francisco on Feb 5, 2026?",2026-02-06 08:00:00+00:00,5.21,6,70193,66561,46086
Climate and Weather,"Daily temperature, High temp",KXHIGHTLV,KXHIGHTLV-26FEB05,"Highest temperature in Las Vegas on Feb 5, 2026?",2026-02-06 08:00:00+00:00,5.21,6,67377,56266,40438
Climate and Weather,Daily temperature,KXHIGHPHIL,KXHIGHPHIL-26FEB05,"Highest temperature in Philadelphia on Feb 5, 2026?",2026-02-06 04:59:00+00:00,2.2,6,65899,53119,40069
Climate and Weather,Daily temperature,KXLOWTAUS,KXLOWTAUS-26FEB05,"Lowest temperature in Austin on Feb 5, 2026?",2026-02-06 06:00:00+00:00,3.21,6,64474,61142,46460
Climate and Weather,"Daily temperature, High temp",KXHIGHTSEA,KXHIGHTSEA-26FEB05,"Highest temperature in Seattle on Feb 5, 2026?",2026-02-06 08:00:00+00:00,5.21,6,59931,50738,25270
Climate and Weather,Daily temperature,KXLOWTNYC,KXLOWTNYC-26FEB05,"Lowest temperature in New York City on Feb 5, 2026?",2026-02-06 05:00:00+00:00,2.21,6,49520,41533,32036
Climate and Weather,Daily temperature,KXLOWTLAX,KXLOWTLAX-26FEB05,"Lowest temperature in Los Angeles on Feb 5, 2026?",2026-02-06 08:00:00+00:00,5.21,6,43183,40240,32813
Climate and Weather,Daily temperature,KXLOWTCHI,KXLOWTCHI-26FEB05,"Lowest temperature in Chicago on Feb 5, 2026?",2026-02-06 06:00:00+00:00,3.21,6,31328,27268,25461
Climate and Weather,"Daily temperature, High temp",KXHIGHTNOLA,KXHIGHTNOLA-26FEB05,"Highest temperature in New Orleans on Feb 5, 2026?",2026-02-06 06:00:00+00:00,3.21,6,26690,14831,14149
Climate and Weather,"Daily temperature, High temp",KXHIGHTATL,KXHIGHTATL-26FEB05,"Highest temperature in Atlanta on Feb 5, 2026?",2026-02-06 05:00:00+00:00,2.21,6,24991,23850,21353
Climate and Weather,Daily temperature,KXLOWTMIA,KXLOWTMIA-26FEB05,"Lowest temperature in Miami on Feb 5, 2026?",2026-02-06 05:00:00+00:00,2.21,6,23378,18946,10916
Climate and Weather,"Daily temperature, High temp",KXHIGHTBOS,KXHIGHTBOS-26FEB05,"Highest temperature in Boston on Feb 5, 2026?",2026-02-06 05:00:00+00:00,2.21,6,20511,17899,17470
Climate and Weather,Daily temperature,KXLOWTPHIL,KXLOWTPHIL-26FEB05,"Lowest temperature in Philadelphia on Feb 5, 2026?",2026-02-06 05:00:00+00:00,2.21,6,19686,10936,13811
Climate and Weather,Climate change,KXHMONTHRANGE,KXHMONTHRANGE-26JAN,Jan 2026 temperature increase?,2026-02-16 04:59:00+00:00,242.2,6,18766,218,13271
Climate and Weather,Daily temperature,KXHIGHLAX,KXHIGHLAX-26FEB06,"Highest temperature in LA on Feb 6, 2026?",2026-02-07 07:59:00+00:00,29.2,6,16362,16287,12178
Climate and Weather,"Daily temperature, High temp",KXHIGHTPHX,KXHIGHTPHX-26FEB05,"Highest temperature in Phoenix on Feb 5, 2026?",2026-02-06 07:00:00+00:00,4.21,6,15481,13113,10176
Climate and Weather,Daily temperature,KXHIGHNY,KXHIGHNY-26FEB06,"Highest temperature in NYC on Feb 6, 2026?",2026-02-07 04:59:00+00:00,26.2,6,15064,14722,12189
Climate and Weather,Daily temperature,KXHIGHAUS,KXHIGHAUS-26FEB06,"Highest temperature in Austin on Feb 6, 2026?",2026-02-07 05:59:00+00:00,27.2,6,13824,13548,10758
Climate and Weather,Snow and rain,KXRAINNYC,KXRAINNYC-26FEB05,"Will it rain in NYC on Feb 5, 2026?",2026-02-06 04:59:00+00:00,2.2,1,11620,11047,10727
Climate and Weather,Daily temperature,KXHIGHMIA,KXHIGHMIA-26FEB06,"Highest temperature in Miami on Feb 6, 2026?",2026-02-07 04:59:00+00:00,26.2,6,9889,9889,6936
Climate and Weather,Daily temperature,KXHIGHCHI,KXHIGHCHI-26FEB06,"Highest temperature in Chicago on Feb 6, 2026?",2026-02-07 05:59:00+00:00,27.2,6,9689,9155,7108
Climate and Weather,"Daily temperature, High temp",KXHIGHTMIN,KXHIGHTMIN-26FEB05,"Highest temperature in Minneapolis on Feb 5, 2026?",2026-02-06 06:00:00+00:00,3.21,6,8549,8342,6773
Climate and Weather,Daily temperature,KXLOWTNYC,KXLOWTNYC-26FEB06,"Lowest temperature in New York City on Feb 6, 2026?",2026-02-07 05:00:00+00:00,26.21,6,7190,7100,5469
Climate and Weather,"Daily temperature, High temp",KXHIGHTLV,KXHIGHTLV-26FEB06,"Highest temperature in Las Vegas on Feb 6, 2026?",2026-02-07 08:00:00+00:00,29.21,6,6973,6922,3218
Climate and Weather,Daily temperature,KXHIGHDEN,KXHIGHDEN-26FEB06,"Highest temperature in Denver on Feb 6, 2026?",2026-02-07 06:59:00+00:00,28.2,6,6462,6462,5119
Climate and Weather,Daily temperature,KXLOWTLAX,KXLOWTLAX-26FEB06,"Lowest temperature in Los Angeles on Feb 6, 2026?",2026-02-07 08:00:00+00:00,29.21,6,5509,5499,3308
Climate and Weather,"Daily temperature, High temp",KXHIGHTSEA,KXHIGHTSEA-26FEB06,"Highest temperature in Seattle on Feb 6, 2026?",2026-02-07 08:00:00+00:00,29.21,6,4989,4989,2747
Climate and Weather,Daily temperature,KXHIGHPHIL,KXHIGHPHIL-26FEB06,"Highest temperature in Philadelphia on Feb 6, 2026?",2026-02-07 04:59:00+00:00,26.2,6,4844,4471,3992
Climate and Weather,Daily temperature,KXLOWTPHIL,KXLOWTPHIL-26FEB06,"Lowest temperature in Philadelphia on Feb 6, 2026?",2026-02-07 05:00:00+00:00,26.21,6,4767,4767,3758
Climate and Weather,Daily temperature,KXLOWTDEN,KXLOWTDEN-26FEB06,"Lowest temperature in Denver on Feb 6, 2026?",2026-02-07 07:00:00+00:00,28.21,6,4740,4655,3496
Climate and Weather,Daily temperature,KXLOWTCHI,KXLOWTCHI-26FEB06,"Lowest temperature in Chicago on Feb 6, 2026?",2026-02-07 06:00:00+00:00,27.21,6,3985,3983,2640
Climate and Weather,"Daily temperature, High temp",KXHIGHTNOLA,KXHIGHTNOLA-26FEB06,"Highest temperature in New Orleans on Feb 6, 2026?",2026-02-07 06:00:00+00:00,27.21,6,3812,3778,2041
Climate and Weather,"Daily temperature, High temp",KXHIGHTSFO,KXHIGHTSFO-26FEB06,"Highest temperature in San Francisco on Feb 6, 2026?",2026-02-07 08:00:00+00:00,29.21,6,3687,3537,2993
Climate and Weather,Daily temperature,KXLOWTMIA,KXLOWTMIA-26FEB06,"Lowest temperature in Miami on Feb 6, 2026?",2026-02-07 05:00:00+00:00,26.21,6,2971,2946,2382
Climate and Weather,Snow and rain,KXRAINNYC,KXRAINNYC-26FEB06,"Will it rain in NYC on Feb 6, 2026?",2026-02-07 04:59:00+00:00,26.2,1,2952,2952,2536
Climate and Weather,Daily temperature,KXLOWTAUS,KXLOWTAUS-26FEB06,"Lowest temperature in Austin on Feb 6, 2026?",2026-02-07 06:00:00+00:00,27.21,6,2917,2917,2042
Climate and Weather,"Daily temperature, High temp",KXHIGHTBOS,KXHIGHTBOS-26FEB06,"Highest temperature in Boston on Feb 6, 2026?",2026-02-07 05:00:00+00:00,26.21,6,2195,2171,1867
Climate and Weather,"Daily temperature, High temp",KXHIGHTPHX,KXHIGHTPHX-26FEB06,"Highest temperature in Phoenix on Feb 6, 2026?",2026-02-07 07:00:00+00:00,28.21,6,1129,1129,982
Climate and Weather,"Daily temperature, High temp",KXHIGHTDC,KXHIGHTDC-26FEB06,"Highest temperature in Washington DC on Feb 6, 2026?",2026-02-07 05:00:00+00:00,26.21,6,981,910,674
Climate and Weather,"Daily temperature, High temp",KXHIGHTATL,KXHIGHTATL-26FEB06,"Highest temperature in Atlanta on Feb 6, 2026?",2026-02-07 05:00:00+00:00,26.21,6,836,836,591
Climate and Weather,"Daily temperature, High temp",KXHIGHTMIN,KXHIGHTMIN-26FEB06,"Highest temperature in Minneapolis on Feb 6, 2026?",2026-02-07 06:00:00+00:00,27.21,6,738,738,721
Companies,Football,KXSUPERBOWLAD,KXSUPERBOWLAD-SB2026,Which brands will advertise during the Big Game?,2026-02-09 04:59:00+00:00,74.2,28,12530042,5568454,4707919
Crypto,"BTC, Hourly",KXBTCD,KXBTCD-26FEB0617,"Bitcoin price on Feb 6, 2026 at 5pm EST?",2026-02-06 22:00:00+00:00,19.21,50,3559655,676426,1598142
Crypto,"ETH, Hourly",KXETHD,KXETHD-26FEB0617,"Ethereum price on Feb 6, 2026 at 5pm EST?",2026-02-06 22:00:00+00:00,19.21,50,733302,182226,407158
Crypto,"BTC, Hourly",KXBTCD,KXBTCD-26FEB0522,"Bitcoin price on Feb 5, 2026 at 10pm EST?",2026-02-06 03:00:00+00:00,0.21,107,391750,300622,192740
Crypto,"BTC, Hourly",KXBTC,KXBTC-26FEB0617,"Bitcoin price range on Feb 6, 2026 at 5pm EST?",2026-02-06 22:00:00+00:00,19.21,50,245427,47969,161985
Crypto,"ETH, Hourly",KXETH,KXETH-26FEB0617,"Ethereum price range on Feb 6, 2026 at 5pm EST?",2026-02-06 22:00:00+00:00,19.21,50,62317,23732,56503
Crypto,"Hourly, SOL",KXSOLD,KXSOLD-26FEB0617,"SOL price on Feb 6, 2026 at 5pm EST?",2026-02-06 22:00:00+00:00,19.21,50,57316,6343,42911
Crypto,"ETH, Hourly",KXETHD,KXETHD-26FEB0522,"Ethereum price on Feb 5, 2026 at 10pm EST?",2026-02-06 03:00:00+00:00,0.21,75,29072,24306,16064
Crypto,Hourly,KXXRPD,KXXRPD-26FEB0617,"Ripple price at Feb 6, 2026 at 5pm EST?",2026-02-06 22:00:00+00:00,19.21,50,15356,6863,9211
Crypto,"Hourly, SOL",KXSOLE,KXSOLE-26FEB0617,"SOL price range on Feb 6, 2026 at 5pm EST?",2026-02-06 22:00:00+00:00,19.21,50,5891,1397,5798
Crypto,Hourly,KXXRP,KXXRP-26FEB0617,"Ripple price range at Feb 6, 2026 at 5pm EST?",2026-02-06 22:00:00+00:00,19.21,50,5258,1298,3379
Crypto,"15 min, BTC",KXBTC15M,KXBTC15M-26FEB052200,BTC Up or Down - 15 minutes,2026-02-06 03:00:00+00:00,0.21,1,2837,0,1993
Crypto,"ETH, Hourly",KXETH,KXETH-26FEB0522,"Ethereum price range on Feb 5, 2026 at 10pm EST?",2026-02-06 03:00:00+00:00,0.21,75,1546,872,1396
Crypto,Dogecoin,KXDOGED,KXDOGED-26FEB0617,"Dogecoin price  on Feb 6, 2026 at 5pm EST?",2026-02-06 22:00:00+00:00,19.21,46,944,925,361
Crypto,"Hourly, SOL",KXSOLE,KXSOLE-26FEB0522,"SOL price range on Feb 5, 2026 at 10pm EST?",2026-02-06 03:00:00+00:00,0.21,75,885,631,885
Crypto,Dogecoin,KXDOGE,KXDOGE-26FEB0617,"Dogecoin price range on Feb 6, 2026 at 5pm EST?",2026-02-06 22:00:00+00:00,19.21,46,824,539,809
Crypto,Hourly,KXXRPD,KXXRPD-26FEB0522,"Ripple price at Feb 5, 2026 at 10pm EST?",2026-02-06 03:00:00+00:00,0.21,75,780,780,780
Crypto,Dogecoin,KXDOGED,KXDOGED-26FEB0522,"Dogecoin price  on Feb 5, 2026 at 10pm EST?",2026-02-06 03:00:00+00:00,0.21,58,543,543,524
Crypto,"15 min, ETH",KXETH15M,KXETH15M-26FEB052200,ETH Up or Down - 15 minutes,2026-02-06 03:00:00+00:00,0.21,1,527,0,414
Crypto,"Hourly, SOL",KXSOLD,KXSOLD-26FEB0522,"SOL price on Feb 5, 2026 at 10pm EST?",2026-02-06 03:00:00+00:00,0.21,75,459,459,340
Crypto,"BTC, Hourly",KXBTC,KXBTC-26FEB0522,"Bitcoin price range on Feb 5, 2026 at 10pm EST?",2026-02-06 03:00:00+00:00,0.21,75,389,389,389
Crypto,Dogecoin,KXDOGE,KXDOGE-26FEB0522,"Dogecoin price range on Feb 5, 2026 at 10pm EST?",2026-02-06 03:00:00+00:00,0.21,58,347,347,347
Crypto,SHIBA,KXSHIBAD,KXSHIBAD-26FEB0617,"Shiba Inu price on Feb 6, 2026 at 5pm EST?",2026-02-06 22:00:00+00:00,19.21,32,319,319,296
Crypto,Hourly,KXXRP,KXXRP-26FEB0522,"Ripple price range at Feb 5, 2026 at 10pm EST?",2026-02-06 03:00:00+00:00,0.21,75,122,122,122
Crypto,"15 min, SOL",KXSOL15M,KXSOL15M-26FEB052200,SOL Up or Down - 15 minutes,2026-02-06 03:00:00+00:00,0.21,1,25,0,25
Crypto,SHIBA,KXSHIBA,KXSHIBA-26FEB0617,"Shiba Inu price range on Feb 6, 2026 at 5pm EST?",2026-02-06 22:00:00+00:00,19.21,32,6,6,6
Economics,Inflation,KXCPIYOY,KXCPIYOY-26JAN,Inflation in Jan 2026? (CPI YoY),2026-02-11 13:29:00+00:00,130.7,11,907403,73056,525942
Economics,Inflation,KXCPI,KXCPI-26JAN,CPI in Jan 2026?,2026-02-11 13:29:00+00:00,130.7,6,280050,22293,150196
Economics,Oil and energy,KXAAAGASW,KXAAAGASW-26FEB09,US Gas prices up this week?,2026-02-09 04:59:00+00:00,74.2,3,94377,27325,27140
Economics,,KXJOBSRELEASE,KXJOBSRELEASE-26MAR,When will the January 2026 jobs report be published?,2026-02-07 04:59:00+00:00,26.2,7,34117,24327,33420
Economics,Inflation,KXCPICORE,KXCPICORE-26JAN,CPI core in Jan 2026?,2026-02-11 13:25:00+00:00,130.63,6,29108,864,28441
Economics,Inflation,KXEGGS,KXEGGS-JAN,Will egg prices go up in Jan 2026?,2026-02-11 13:25:00+00:00,130.63,1,23779,1782,12802
Economics,Inflation,KXCPICOREYOY,KXCPICOREYOY-26JAN,Core inflation in Jan 2026? (Core CPI YoY),2026-02-11 13:25:00+00:00,130.63,12,15931,919,13134
Economics,Fed,KXCBDECISIONRUSSIA,KXCBDECISIONRUSSIA-26FEB13,What will the Bank of Russia do at the February key rate meeting?,2026-02-13 10:29:00+00:00,175.7,7,12533,688,6220
Economics,,KXECONSTATCPI,KXECONSTATCPI-26JAN,CPI month-over-month in Jan 2026?,2026-02-11 13:29:00+00:00,130.7,9,3592,150,3168
Economics,,KXJOBLESSCLAIMS,KXJOBLESSCLAIMS-26FEB12,"How many initial jobless claims for the week ending Feb 7, 2026?",2026-02-12 13:30:00+00:00,154.71,10,2759,2759,2637
Economics,,KXECONSTATCORECPIYOY,KXECONSTATCORECPIYOY-26JAN,CPI core year-over-year in Jan 2026?,2026-02-11 13:29:00+00:00,130.7,16,696,0,641
Economics,,KXECONSTATCPIYOY,KXECONSTATCPIYOY-26JAN,CPI year-over-year in Jan 2026?,2026-02-11 13:29:00+00:00,130.7,16,432,167,417
Economics,,KXECONSTATCPICORE,KXECONSTATCPICORE-26JAN,CPI core month-over-month in Jan 2026?,2026-02-11 13:29:00+00:00,130.7,8,335,0,245
Entertainment,"Football, Music",KXFIRSTSUPERBOWLSONG,KXFIRSTSUPERBOWLSONG-26FEB09,Bad Bunny’s halftime opener?,2026-02-09 04:59:00+00:00,74.2,31,8264218,3188672,7409430
Entertainment,"Elon Musk, Football",KXSBGUESTS,KXSBGUESTS-26,Who will attend the Big Game?,2026-02-13 15:00:00+00:00,180.21,33,2147721,469457,1261959
Entertainment,"Music, Music charts",KXSPOTIFYW,KXSPOTIFYW-26FEB05,"Top Song on Weekly Top Songs USA on Feb 5, 2026?",2026-02-06 04:59:00+00:00,2.2,18,604899,251464,538428
Entertainment,Music,KXALBUMSALES,KXALBUMSALES-OCT,"How many album sales will Don Toliver's 'OCTANE' have on the chart dated Feb 5, 2026?",2026-02-06 04:59:00+00:00,2.2,11,282608,64713,181357
Entertainment,Music,KXALBUMSALES,KXALBUMSALES-FAL,"How many album sales will J. Cole's ''The Fall-Off' have on the chart dated Feb 12, 2026?",2026-02-13 04:59:00+00:00,170.2,12,276950,59814,159843
Entertainment,"Movies, Rotten Tomatoes",KXRT,KXRT-WUT,"""Wuthering Heights"" Rotten Tomatoes score?",2026-02-16 15:00:00+00:00,252.21,8,124317,8371,82815
Entertainment,"Movies, Rotten Tomatoes",KXRT,KXRT-WHI,"""Whistle"" Rotten Tomatoes score?",2026-02-09 15:00:00+00:00,84.21,8,123115,38584,90152
Entertainment,Movies,KXNETFLIXRANKMOVIE,KXNETFLIXRANKMOVIE-26FEB09,Top US Netflix Movie this week?,2026-02-10 04:59:00+00:00,98.2,13,117526,12568,111404
Entertainment,"Movies, Rotten Tomatoes",KXRT,KXRT-STR,"""The Strangers – Chapter 3"" Rotten Tomatoes score?",2026-02-09 15:00:00+00:00,84.21,13,77235,24161,53201
Entertainment,,KXSBADAPPEARANCES,KXSBADAPPEARANCES-26FEB09,Who will appear in a big game ad?,2026-02-09 04:59:00+00:00,74.2,11,51821,19828,37826
Entertainment,"Music, Music charts",KXALBUMDEBUT,KXALBUMDEBUT-26FEB14-OCT,Will Don Toliver's 'OCTANE' debut at #1,2026-02-09 04:59:00+00:00,74.2,1,44115,6483,24025
Entertainment,"Music, Music charts",KXTOPSONG,KXTOPSONG-26FEB14,"Billboard Hot 100 #1 on Feb 14, 2026 chart?",2026-02-09 03:59:00+00:00,73.2,11,36129,16243,27712
Entertainment,"Music, Music charts",KXTOPALBUMTHEFALLOFF,KXTOPALBUMTHEFALLOFF-26FEB21,Will J. Cole's The Fall-Off debut at #1?,2026-02-16 04:59:00+00:00,242.2,1,33277,5452,15383
Entertainment,Television,KXNETFLIXRANKSHOW,KXNETFLIXRANKSHOW-26FEB09,Top US Netflix Show this week?,2026-02-10 04:59:00+00:00,98.2,11,29924,21513,27685
Entertainment,"Movies, Rotten Tomatoes",KXRT,KXRT-CRI,"""Crime 101"" Rotten Tomatoes score?",2026-02-16 15:00:00+00:00,252.21,8,19860,986,14206
Entertainment,Television,KXNETFLIXRANKSHOWRUNNERUP,KXNETFLIXRANKSHOWRUNNERUP-26FEB09,#2 US Netflix Show this week?,2026-02-10 04:59:00+00:00,98.2,13,17988,5201,16241
Entertainment,Television,KXNETFLIXRANKMOVIERUNNERUP,KXNETFLIXRANKMOVIERUNNERUP-26FEB09,#2 US Netflix Movie this week?,2026-02-10 04:59:00+00:00,98.2,14,17238,1380,17038
Entertainment,Music,KXALBUMTRACKSJCOLE,KXALBUMTRACKSJCOLE-26,How many tracks will J. Cole's The Fall-Off have?,2026-02-07 15:00:00+00:00,36.21,19,12670,4930,9389
Entertainment,Movies,KXNETFLIXRANKMOVIEGLOBAL,KXNETFLIXRANKMOVIEGLOBAL-26FEB09,Top Global Netflix Movie this week?,2026-02-10 04:59:00+00:00,98.2,10,8154,4997,6295
Entertainment,"Music, Music charts",KXBILLBOARDRUNNERUPSONG,KXBILLBOARDRUNNERUPSONG-26FEB14,"Billboard Hot 100 #2 on Feb 14, 2026 chart?",2026-02-09 03:59:00+00:00,73.2,11,7118,5528,6148
Entertainment,"Music, Music charts",KXRANKLISTSONGTOP10,KXRANKLISTSONGTOP10-26FEB14,"Which songs will be in the top 10 on the Billboard Hot 100 chart for the week of February 14, 2026?",2026-02-14 15:00:00+00:00,204.21,10,6285,4993,5906
Entertainment,"Music, Music charts",KXSPOTIFYARTISTW,KXSPOTIFYARTISTW-26FEB05,"Top Artist on Weekly Top Artists USA on Feb 5, 2026?",2026-02-06 04:59:00+00:00,2.2,15,5367,1335,5213
Entertainment,"Music, Music charts",KXTOPALBUM,KXTOPALBUM-26FEB14,"Billboard Top 200 #1 on Feb 14, 2026 chart?",2026-02-09 03:59:00+00:00,73.2,11,4797,283,4459
Entertainment,Television,KXNETFLIXRANKSHOWGLOBAL,KXNETFLIXRANKSHOWGLOBAL-26FEB09,Top Global Netflix Show this week?,2026-02-10 04:59:00+00:00,98.2,10,4415,193,4262
Entertainment,"Music, Music charts",KXBILLBOARDRUNNERUPALBUM,KXBILLBOARDRUNNERUPALBUM-26FEB14,"Billboard 200 #2 on Feb 14, 2026 chart?",2026-02-09 03:59:00+00:00,73.2,11,4281,73,3334
Entertainment,"Music, Music charts",KXSPOTIFYALBUMW,KXSPOTIFYALBUMW-26FEB05,"Top Album on Weekly Top Albums USA on Feb 5, 2026?",2026-02-06 04:59:00+00:00,2.2,15,3505,3352,1910
Entertainment,"Music, Music charts",KXSPOTIFYD,KXSPOTIFYD-26FEB05,"Top USA Song on Spotify on Feb 5, 2026?",2026-02-06 04:59:00+00:00,2.2,17,2846,2846,2805
Entertainment,"Music, Music charts",KXTOPSONG,KXTOPSONG-26FEB21,"Billboard Hot 100 #1 on Feb 21, 2026 chart?",2026-02-16 03:59:00+00:00,241.2,10,2629,824,2580
Entertainment,"Music, Music charts",KXSPOTSTREAMSUSA,KXSPOTSTREAMSUSA-26FEB05,"How many streams will the top song on Spotify's Daily Top Songs USA have on Feb 5, 2026?",2026-02-06 04:59:00+00:00,2.2,11,2258,157,2258
Entertainment,Television,KXNETFLIXTOPVIEWSTV,KXNETFLIXTOPVIEWSTV-26FEB09,How many views will the #1 Show on Netflix have this week?,2026-02-10 04:59:00+00:00,98.2,11,2125,882,1789
Entertainment,"Music, Music charts",KXSPOTIFYARTISTD,KXSPOTIFYARTISTD-26FEB05,"Top USA Artist on Spotify on Feb 5, 2026?",2026-02-06 04:59:00+00:00,2.2,15,1973,1973,1677
Entertainment,"Music, Music charts",KXBILLBOARDRUNNERUPALBUM,KXBILLBOARDRUNNERUPALBUM-26FEB21,"Billboard 200 #2 on Feb 21, 2026 chart?",2026-02-16 03:59:00+00:00,241.2,10,1659,252,1659
Entertainment,"Music, Music charts",KXSPOTIFYD,KXSPOTIFYD-26FEB06,"Top USA Song on Spotify on Feb 6, 2026?",2026-02-07 04:59:00+00:00,26.2,16,1287,1287,1281
Entertainment,Music,KXSONGRELEASEDATEBTS,KXSONGRELEASEDATEBTS,When will BTS release a new song?,2026-02-07 15:00:00+00:00,36.21,8,1153,16,942
Entertainment,"Music, Music charts",KXBILLBOARDRUNNERUPSONG,KXBILLBOARDRUNNERUPSONG-26FEB21,"Billboard Hot 100 #2 on Feb 21, 2026 chart?",2026-02-16 03:59:00+00:00,241.2,10,850,0,850
Entertainment,Music charts,KXSPOTIFY2D,KXSPOTIFY2D-26FEB05,"Runner-up USA Song on Spotify on Feb 5, 2026?",2026-02-06 04:59:00+00:00,2.2,15,726,726,725
Entertainment,"Music, Music charts",KXSPOTIFYGLOBALD,KXSPOTIFYGLOBALD-26FEB05,"Top Global Song on Spotify on Feb 5, 2026?",2026-02-06 04:59:00+00:00,2.2,15,646,646,645
Entertainment,Movies,KXNETFLIXRANKMOVIEGLOBAL2,KXNETFLIXRANKMOVIEGLOBAL2-26FEB09,#2 Global Netflix Movie this week?,2026-02-10 04:59:00+00:00,98.2,11,544,336,463
Entertainment,Movies,KXNETFLIXTOPVIEWSMOVIE,KXNETFLIXTOPVIEWSMOVIE-26FEB09,How many views will the #1 Movie on Netflix have this week?,2026-02-10 04:59:00+00:00,98.2,11,443,221,440
Entertainment,Television,KXNETFLIXRANKSHOWGLOBAL2,KXNETFLIXRANKSHOWGLOBAL2-26FEB09,#2 Global Netflix Show this week?,2026-02-10 04:59:00+00:00,98.2,12,128,5,128
Entertainment,"Music, Music charts",KXRANKLISTSONGBBH100,KXRANKLISTSONGBBH100-26FEB14,"Which songs will be on the Billboard Hot 100 chart for the week of February 14, 2026?",2026-02-14 15:00:00+00:00,204.21,15,8,0,8
Entertainment,Music charts,KXSPOTIFY2D,KXSPOTIFY2D-26FEB06,"Runner-up USA Song on Spotify on Feb 6, 2026?",2026-02-07 04:59:00+00:00,26.2,15,0,0,0
Entertainment,"Music, Music charts",KXSPOTSTREAMGLOBAL,KXSPOTSTREAMGLOBAL-26FEB05,"How many streams will the top song on Spotify's Daily Top Songs Global have on Feb 5, 2026?",2026-02-06 04:59:00+00:00,2.2,11,0,0,0
Entertainment,"Music, Music charts",KXSPOTIFYW,KXSPOTIFYW-26FEB12,"Top Song on Weekly Top Songs USA on Feb 12, 2026?",2026-02-13 04:59:00+00:00,170.2,16,0,0,0
Entertainment,"Music, Music charts",KXSPOTIFYARTISTW,KXSPOTIFYARTISTW-26FEB12,"Top Artist on Weekly Top Artists USA on Feb 12, 2026?",2026-02-13 04:59:00+00:00,170.2,15,0,0,0
Entertainment,"Music, Music charts",KXSPOTIFYALBUMW,KXSPOTIFYALBUMW-26FEB12,"Top Album on Weekly Top Albums USA on Feb 12, 2026?",2026-02-13 04:59:00+00:00,170.2,15,0,0,0
Entertainment,"Music, Music charts",KXTOPALBUM,KXTOPALBUM-26FEB21,"Billboard Top 200 #1 on Feb 21, 2026 chart?",2026-02-16 03:59:00+00:00,241.2,10,0,0,0
Entertainment,"Music, Music charts",KXSPOTIFYGLOBALD,KXSPOTIFYGLOBALD-26FEB06,"Top Global Song on Spotify on Feb 6, 2026?",2026-02-07 04:59:00+00:00,26.2,16,0,0,0
Entertainment,"Music, Music charts",KXSPOTIFYARTISTD,KXSPOTIFYARTISTD-26FEB06,"Top USA Artist on Spotify on Feb 6, 2026?",2026-02-07 04:59:00+00:00,26.2,15,0,0,0
Financials,WTI,KXWTIW,KXWTIW-26FEB06,"WTI oil price on Feb 6, 2026?",2026-02-06 19:30:00+00:00,16.71,19,68885,24894,47019
Financials,S&P,KXINX,KXINX-26FEB06H1600,"S&P price range on Feb 6, 2026 at 4pm EST?",2026-02-06 21:00:00+00:00,18.21,30,64623,35027,52463
Financials,Treasuries,KXTNOTEW,KXTNOTEW-26FEB06,"Treasury 10-year yield on Feb 6, 2026?",2026-02-06 20:25:00+00:00,17.63,15,22508,5472,18344
Financials,"Daily, Nasdaq",KXNASDAQ100,KXNASDAQ100-26FEB06H1600,"Nasdaq-100 price range on Feb 6, 2026 at 4pm EST?",2026-02-06 21:00:00+00:00,18.21,30,8538,6576,6793
Financials,S&P,KXINXU,KXINXU-26FEB06H1600,"S&P price on Feb 6, 2026 at 4pm EST?",2026-02-06 21:00:00+00:00,18.21,60,2113,2112,1962
Financials,"Daily, Nasdaq",KXNASDAQ100U,KXNASDAQ100U-26FEB06H1600,"Nasdaq-100 price on Feb 6, 2026 at 4pm EST?",2026-02-06 21:00:00+00:00,18.21,60,1598,1598,1152
Financials,"Daily, EUR/USD",KXEURUSD,KXEURUSD-26FEB0610,"EUR/USD price range on Feb 6, 2026 at 10am EST?",2026-02-06 15:00:00+00:00,12.21,15,1123,1123,1123
Financials,"Daily, USD/JPY",KXUSDJPY,KXUSDJPY-26FEB0610,"USD/JPY price on Feb 6, 2026 at 10am EST?",2026-02-06 15:00:00+00:00,12.21,15,191,191,191
Mentions,Sports,KXNFLMENTION,KXNFLMENTION-SB26,What will the announcers say during the Pro Football Championship?,2026-02-09 04:30:00+00:00,73.71,36,1023471,216799,895209
Mentions,Sports,KXNBAMENTION,KXNBAMENTION-26FEB05CHITOR,Mention: Announcers at Chicago vs Toronto,2026-02-06 05:30:00+00:00,2.71,18,84728,83244,59966
Mentions,,KXGREENDAYMENTION,KXGREENDAYMENTION-26FEB08,Will Green Day say “MAGA” or “Make America Great Again” during the Pro Football Championship opening ceremony?,2026-02-09 15:00:00+00:00,84.21,1,71913,21342,44385
Mentions,Sports,KXNBAMENTION,KXNBAMENTION-26FEB06GSWPHX,Mention: Golden State vs Phoenix Professional Basketball Game,2026-02-06 08:00:00+00:00,5.21,18,45143,44342,36268
Mentions,Sports,KXNBAMENTION,KXNBAMENTION-26FEB07LACSAC,Mention: Los Angeles C vs Sacramento Professional Basketball Game,2026-02-07 08:00:00+00:00,29.21,18,9105,8965,6295
Mentions,Sports,KXNBAMENTION,KXNBAMENTION-26FEB06NYKDET,Mention: New York vs Detroit Professional Basketball Game,2026-02-07 05:30:00+00:00,26.71,18,7250,7110,6523
Mentions,Politicians,KXLASTWORDMENTION,KXLASTWORDMENTION-26FEB06,Mention: Abigail Spanberger on The Last Word,2026-02-06 15:00:00+00:00,12.21,11,6009,4662,5669
Mentions,Politicians,KXWOMENTION,KXWOMENTION-26FEB07,Mention: Olympics Opening Ceremony,2026-02-07 15:00:00+00:00,36.21,16,5439,5377,5290
Mentions,Sports,KXNBAMENTION,KXNBAMENTION-26FEB07DALSAS,Mention: Dallas vs San Antonio Professional Basketball Game,2026-02-08 04:00:00+00:00,49.21,18,416,416,416
Mentions,Sports,KXNCAABMENTION,KXNCAABMENTION-26FEB06CONNSJU,Mention: UConn at St. John's men's college basketball game,2026-02-07 06:00:00+00:00,27.21,16,407,392,392
Mentions,Sports,KXNBAMENTION,KXNBAMENTION-26FEB07HOUOKC,Mention: Houston vs Oklahoma City Professional Basketball Game,2026-02-08 01:30:00+00:00,46.71,18,243,243,243
Mentions,Sports,KXFIGHTMENTION,KXFIGHTMENTION-26FEB07ALMKUN,Mention: Announcers at Almeida vs Kuniev,2026-02-08 07:00:00+00:00,52.21,17,47,47,47
Mentions,Sports,KXFIGHTMENTION,KXFIGHTMENTION-26FEB07ALBHOR,Mention: Announcers at Albazi vs Horiguchi,2026-02-08 07:20:00+00:00,52.55,18,26,26,26
Mentions,Sports,KXFIGHTMENTION,KXFIGHTMENTION-26FEB07BAUDEO,Mention: Announcers at Bautista vs de Oliveira,2026-02-08 07:40:00+00:00,52.88,17,6,6,6
Politics,Congress,KXDHSFUNDING,KXDHSFUNDING,When will DHS receive full-year funding?,2026-02-10 15:00:00+00:00,108.21,6,254647,95321,195246
Politics,Recurring,KXEOWEEK,KXEOWEEK-26FEB07,Will Trump sign an executive order this week (2/1-2/7)?,2026-02-08 04:59:00+00:00,50.2,1,82941,21962,30941
Politics,Congress,KXDHSFUND,KXDHSFUND,When will DHS be funded again?,2026-02-10 15:00:00+00:00,108.21,9,62750,44697,53129
Politics,,KXCPICOMBO,KXCPICOMBO-26JAN,January 2026 CPI Combo: CPI & CPI (YoY),2026-02-11 15:00:00+00:00,132.21,5,61294,2206,42215
Politics,Trump,KXAPRPOTUS,KXAPRPOTUS-26FEB06,"Trump's approval rating on Feb 6, 2026?",2026-02-06 17:00:00+00:00,14.21,8,51051,24141,33269
Politics,"Recurring, Trump",KXEPSTEIN,KXEPSTEIN-26FEB08,Will Trump release more Epstein files this week (2/1-2/7)?,2026-02-08 15:00:00+00:00,60.21,1,32996,2742,22113
Politics,"Recurring, Trump",KXVOTEHUBTRUMPUPDOWN,KXVOTEHUBTRUMPUPDOWN-26FEB05,Will Trump's approval rating increase this week?,2026-02-07 04:59:00+00:00,26.2,1,15450,5436,4212
Politics,International,KXPOILIEVREOUT,KXPOILIEVREOUT-26FEB15,Pierre Poilievre out as Conservative Party leader?,2026-02-15 04:59:00+00:00,218.2,2,7020,0,2859
Politics,Recurring,KXFULLLID8PM,KXFULLLID8PM-26FEB07,Will the White House call a full lid before 8PM today? (2/5-2/7),2026-02-08 04:58:00+00:00,50.18,3,2288,2288,2224
Science and Technology,"AI, KPIs",KXLLM1,KXLLM1-26FEB07,Best AI this week?,2026-02-07 15:00:00+00:00,36.21,7,585834,192327,465429
Science and Technology,AI,KXTOPMODEL,KXTOPMODEL-26FEB07,What will be the top AI model this week?,2026-02-07 15:00:00+00:00,36.21,10,317217,77727,306545
Science and Technology,,KXTSAW,KXTSAW-26FEB08,"TSA avg check-ins from Feb 2 to 8, 2026?",2026-02-09 04:59:00+00:00,74.2,21,13676,4972,9012
Sports,Basketball,KXNEXTTEAMGIANNIS,KXNEXTTEAMGIANNIS-26GANT,Giannis Antetokounmpo's next team?,2026-02-06 04:59:00+00:00,2.2,30,23305472,4077284,15620880
Sports,Basketball,KXNBAGAME,KXNBAGAME-26FEB05UTAATL,Utah at Atlanta,2026-02-20 00:30:00+00:00,333.71,2,4440459,3615254,3025801
Sports,Basketball,KXNBAGAME,KXNBAGAME-26FEB05CHAHOU,Charlotte at Houston,2026-02-20 01:00:00+00:00,334.21,2,3991845,3683371,3064338
Sports,Basketball,KXNBAGAME,KXNBAGAME-26FEB05CHITOR,Chicago at Toronto,2026-02-20 00:30:00+00:00,333.71,2,3388375,3302273,2363424
Sports,Basketball,KXNBAGAME,KXNBAGAME-26FEB05SASDAL,San Antonio at Dallas,2026-02-20 01:30:00+00:00,334.71,2,1600057,1540631,1251407
Sports,Basketball,KXNCAAMBGAME,KXNCAAMBGAME-26FEB05ELONHAMP,Elon at Hampton,2026-02-20 00:00:00+00:00,333.21,2,1032819,1024342,531326
Sports,Hockey,KXNHLGAME,KXNHLGAME-26FEB05PITBUF,Pittsburgh at Buffalo,2026-02-20 00:00:00+00:00,333.21,2,959894,890035,702202
Sports,,KXNFLPREPACKSGP,KXNFLPREPACKSGP-26FEB08SEANE,Moneyline / Total Points Combo,2026-02-09 07:00:00+00:00,76.21,4,916988,182357,854964
Sports,Basketball,KXNBASPREAD,KXNBASPREAD-26FEB05CHAHOU,Charlotte at Houston: Spread,2026-02-20 01:00:00+00:00,334.21,10,763838,719595,491082
Sports,Basketball,KXNBASPREAD,KXNBASPREAD-26FEB05CHITOR,Chicago at Toronto: Spread,2026-02-20 00:30:00+00:00,333.71,11,736719,697031,392979
Sports,,KXNFLPREPACK1HFT,KXNFLPREPACK1HFT-26FEB08SEANE,1H / FT Combo,2026-02-09 07:00:00+00:00,76.21,6,666120,208170,649847
Sports,Basketball,KXNCAAMBGAME,KXNCAAMBGAME-26FEB05OSUMD,Ohio St. at Maryland,2026-02-20 01:30:00+00:00,334.71,2,562463,551601,468591
Sports,Basketball,KXNEXTTEAMNBA,KXNEXTTEAMNBA-26ADAV,Anthony Davis's next team?,2026-02-06 04:59:00+00:00,2.2,30,542031,74201,345487
Sports,Hockey,KXNHLGAME,KXNHLGAME-26FEB05NSHWSH,Nashville at Washington,2026-02-20 00:00:00+00:00,333.21,2,538819,522100,390715
Sports,Hockey,KXNHLGAME,KXNHLGAME-26FEB05FLATB,Florida at Tampa Bay,2026-02-20 00:30:00+00:00,333.71,2,521823,510203,418020
Sports,Basketball,KXNBATOTAL,KXNBATOTAL-26FEB05UTAATL,Utah at Atlanta: Total Points,2026-02-20 00:30:00+00:00,333.71,11,513203,475162,313262
Sports,Football,KXNFLOT,KXNFLOT-26FEB08SEANE,Will the Pro Football Championship go to overtime?,2026-02-15 23:30:00+00:00,236.71,1,506574,162522,496245
Sports,Basketball,KXNBATOTAL,KXNBATOTAL-26FEB05CHAHOU,Charlotte at Houston: Total Points,2026-02-20 01:00:00+00:00,334.21,11,495670,466183,374301
Sports,Basketball,KXNEXTTEAMNBA,KXNEXTTEAMNBA-26JMOR,Ja Morant's next team?,2026-02-06 04:59:00+00:00,2.2,30,491437,153598,330971
Sports,Basketball,KXNCAAMBGAME,KXNCAAMBGAME-26FEB05DENNDSU,Denver at North Dakota St.,2026-02-20 01:00:00+00:00,334.21,2,488040,388229,328868
Sports,Basketball,KXNCAAMBGAME,KXNCAAMBGAME-26FEB05MEMUAB,Memphis at UAB,2026-02-20 02:00:00+00:00,335.21,2,476330,447764,376986
Sports,Tennis,KXATPCHALLENGERMATCH,KXATPCHALLENGERMATCH-26FEB05BOLUCH,Bolt vs Uchiyama,2026-02-20 01:00:00+00:00,334.21,2,435086,372666,267355
Sports,Basketball,KXNBASPREAD,KXNBASPREAD-26FEB05UTAATL,Utah at Atlanta: Spread,2026-02-20 00:30:00+00:00,333.71,11,413435,379515,251825
Sports,Tennis,KXATPCHALLENGERMATCH,KXATPCHALLENGERMATCH-26FEB05UGODIA,Ugo Carabelli vs Diaz Acosta,2026-02-19 22:40:00+00:00,331.88,2,329739,293124,196638
Sports,Basketball,KXNBASPREAD,KXNBASPREAD-26FEB05SASDAL,San Antonio at Dallas: Spread,2026-02-20 01:30:00+00:00,334.71,11,293345,284693,207650
Sports,,KXNFLPREPACKSGP,KXNFLPREPACKSGP-26FEB08SEANESPREAD,Spread / Total Points Combo,2026-02-09 07:00:00+00:00,76.21,4,269755,64250,237871
Sports,Basketball,KXNCAAMBSPREAD,KXNCAAMBSPREAD-26FEB05OSUMD,Ohio St. at Maryland: Spread,2026-02-20 01:30:00+00:00,334.71,11,265217,226945,215778
Sports,Basketball,KXNCAAMBGAME,KXNCAAMBGAME-26FEB05ACUVU,Abilene Christian at Utah Valley,2026-02-20 01:00:00+00:00,334.21,2,258516,257826,197903
Sports,Basketball,KXNBATOTAL,KXNBATOTAL-26FEB05SASDAL,San Antonio at Dallas: Total Points,2026-02-20 01:30:00+00:00,334.71,11,238230,233408,175521
Sports,Basketball,KXNCAAMBGAME,KXNCAAMBGAME-26FEB05CITSAM,The Citadel at Samford,2026-02-20 01:00:00+00:00,334.21,2,205456,186420,145416
Sports,Basketball,KXNCAAMBGAME,KXNCAAMBGAME-26FEB05LINWUALR,Lindenwood at Little Rock,2026-02-20 01:00:00+00:00,334.21,2,184451,114774,141406
Sports,Basketball,KXNCAAMBGAME,KXNCAAMBGAME-26FEB05NEOMUND,Omaha at North Dakota,2026-02-20 01:00:00+00:00,334.21,2,160813,126002,106670
Sports,Basketball,KXNCAAMBGAME,KXNCAAMBGAME-26FEB05UCSBUCD,UC Santa Barbara at UC Davis,2026-02-20 02:00:00+00:00,335.21,2,158841,127947,124470
Sports,Basketball,KXNCAAMBGAME,KXNCAAMBGAME-26JAN24ETAMNWST,East Texas A&M at Northwestern St.,2026-02-07 21:30:00+00:00,42.71,2,155101,91406,88412
Sports,Football,KXNEXTTEAMNFL,KXNEXTTEAMNFL-26OBJ,What will be Odell Beckham Jr.'s next team?,2026-02-09 04:59:00+00:00,74.2,33,150105,21736,139323
Sports,Hockey,KXNHLTOTAL,KXNHLTOTAL-26FEB05FLATB,Florida at Tampa Bay: Total Points,2026-02-20 00:30:00+00:00,333.71,5,138781,134974,108966
Sports,Basketball,KXNCAAMBSPREAD,KXNCAAMBSPREAD-26FEB05MEMUAB,Memphis at UAB: Spread,2026-02-20 02:00:00+00:00,335.21,11,107149,94557,75225
Sports,Basketball,KXNCAAMBGAME,KXNCAAMBGAME-26FEB05EWUMONT,Eastern Washington at Montana,2026-02-20 02:00:00+00:00,335.21,2,96522,90231,86415
Sports,Basketball,KXNCAAMBGAME,KXNCAAMBGAME-26FEB05IDHOMTST,Idaho at Montana St.,2026-02-20 02:00:00+00:00,335.21,2,90787,83691,70453
Sports,Basketball,KXNCAAMBSPREAD,KXNCAAMBSPREAD-26FEB05ELONHAMP,Elon at Hampton: Spread,2026-02-20 00:00:00+00:00,333.21,11,85652,79261,49408
Sports,Basketball,KXNCAAMBTOTAL,KXNCAAMBTOTAL-26FEB05CITSAM,The Citadel at Samford: Total Points,2026-02-20 01:00:00+00:00,334.21,11,82108,76970,72159
Sports,Basketball,KXNBAPTS,KXNBAPTS-26FEB05SASDAL,San Antonio at Dallas: Points,2026-02-20 01:30:00+00:00,334.71,16,80639,76833,76968
Sports,Basketball,KXNCAAMBTOTAL,KXNCAAMBTOTAL-26FEB05OSUMD,Ohio St. at Maryland: Total Points,2026-02-20 01:30:00+00:00,334.71,11,79391,70197,58954
Sports,Basketball,KXNCAAMBGAME,KXNCAAMBGAME-26FEB05USIUTM,Southern Indiana at Tennessee-Martin,2026-02-20 01:30:00+00:00,334.71,2,78376,75309,73900
Sports,Basketball,KXNCAAWBGAME,KXNCAAWBGAME-26FEB05NDSUUMKC,North Dakota St. at Kansas City,2026-02-20 01:00:00+00:00,334.21,2,72183,72129,34060
Sports,Hockey,KXNHLSPREAD,KXNHLSPREAD-26FEB05PITBUF,Pittsburgh at Buffalo: Spread,2026-02-20 00:00:00+00:00,333.21,4,69374,60609,61204
Sports,Basketball,KXNCAAMBGAME,KXNCAAMBGAME-26FEB05EIUTNST,Eastern Illinois at Tennessee St.,2026-02-20 01:30:00+00:00,334.71,2,57754,41637,45799
Sports,Basketball,KXNCAAMBGAME,KXNCAAMBGAME-26FEB05MORESEMO,Morehead St. at Southeast Missouri St.,2026-02-20 01:30:00+00:00,334.71,2,53911,51857,45448
Sports,Basketball,KXNCAAWBGAME,KXNCAAWBGAME-26FEB05LSUTEX,LSU at Texas,2026-02-20 02:00:00+00:00,335.21,2,52330,44649,48970
Sports,Basketball,KXNCAAMBGAME,KXNCAAMBGAME-26FEB05UNCOWEB,Northern Colorado at Weber St.,2026-02-20 02:00:00+00:00,335.21,2,50510,40419,37289
Sports,Basketball,KXNCAAMBTOTAL,KXNCAAMBTOTAL-26FEB05MEMUAB,Memphis at UAB: Total Points,2026-02-20 02:00:00+00:00,335.21,12,49933,47477,36794
Sports,Basketball,KXNCAAMBSPREAD,KXNCAAMBSPREAD-26FEB05IDHOMTST,Idaho at Montana St.: Spread,2026-02-20 02:00:00+00:00,335.21,10,42744,36536,38779
Sports,Hockey,KXNHLSPREAD,KXNHLSPREAD-26FEB05FLATB,Florida at Tampa Bay: Spread,2026-02-20 00:30:00+00:00,333.71,4,41606,41376,28886
Sports,Basketball,KXNCAAMBTOTAL,KXNCAAMBTOTAL-26FEB05EIUTNST,Eastern Illinois at Tennessee St.: Total Points,2026-02-20 01:30:00+00:00,334.71,11,40634,40385,26803
Sports,Basketball,KXNCAAMBTOTAL,KXNCAAMBTOTAL-26FEB05EWUMONT,Eastern Washington at Montana: Total Points,2026-02-20 02:00:00+00:00,335.21,11,38580,33428,37831
Sports,Basketball,KXNCAAMBTOTAL,KXNCAAMBTOTAL-26FEB05USIUTM,Southern Indiana at Tennessee-Martin: Total Points,2026-02-20 01:30:00+00:00,334.71,11,36115,35069,32389
Sports,Basketball,KXNCAAMBSPREAD,KXNCAAMBSPREAD-26FEB05UCSBUCD,UC Santa Barbara at UC Davis: Spread,2026-02-20 02:00:00+00:00,335.21,11,36089,34793,33366
Sports,Basketball,KXNCAAMBGAME,KXNCAAMBGAME-26FEB05UTAUTU,UT Arlington at Utah Tech,2026-02-20 02:00:00+00:00,335.21,2,36016,31698,27668
Sports,Tennis,KXATPCHALLENGERMATCH,KXATPCHALLENGERMATCH-26FEB05LADEL,La Serna vs Dellien,2026-02-19 22:10:00+00:00,331.38,2,35518,23157,22523
Sports,Basketball,KXNCAAMBSPREAD,KXNCAAMBSPREAD-26FEB05NEOMUND,Omaha at North Dakota: Spread,2026-02-20 01:00:00+00:00,334.21,11,35465,35053,32750
Sports,Basketball,KXNCAAMBSPREAD,KXNCAAMBSPREAD-26FEB05CITSAM,The Citadel at Samford: Spread,2026-02-20 01:00:00+00:00,334.21,11,35301,32966,29033
Sports,Golf,KXHOLEINONE,KXHOLEINONE-26-WM,Will there be a hole-in-one on Hole 16 at the WM Phoenix Open?,2026-02-19 11:00:00+00:00,320.21,1,34503,21359,28814
Sports,Basketball,KXNCAAMBGAME,KXNCAAMBGAME-26FEB05JVSTWKU,Jacksonville St. at Western Kentucky,2026-02-20 02:00:00+00:00,335.21,2,31991,27198,26797
Sports,Basketball,KXNCAAMBGAME,KXNCAAMBGAME-26FEB05NAUIDST,Northern Arizona at Idaho St.,2026-02-20 02:00:00+00:00,335.21,2,30773,18983,25435
Sports,Hockey,KXNHLGOAL,KXNHLGOAL-26FEB05FLATB,FLA Panthers at TB Lightning: Anytime Goal,2026-02-20 00:30:00+00:00,333.71,17,29387,29164,24372
Sports,Basketball,KXNCAAMBSPREAD,KXNCAAMBSPREAD-26FEB05ACUVU,Abilene Christian at Utah Valley: Spread,2026-02-20 01:00:00+00:00,334.21,11,28934,27028,21946
Sports,Basketball,KXNCAAMBTOTAL,KXNCAAMBTOTAL-26FEB05ACUVU,Abilene Christian at Utah Valley: Total Points,2026-02-20 01:00:00+00:00,334.21,11,27322,25467,22723
Sports,Basketball,KXNCAAWBGAME,KXNCAAWBGAME-26JAN31ARSTGASO,Arkansas St. at Georgia Southern,2026-02-14 19:00:00+00:00,208.21,2,27272,217,13174
Sports,Basketball,KXNBAREB,KXNBAREB-26FEB05SASDAL,San Antonio at Dallas: Rebounds,2026-02-20 01:30:00+00:00,334.71,20,26095,26095,25662
Sports,Basketball,KXNCAAWBGAME,KXNCAAWBGAME-26FEB01MERETSU,Mercer at East Tennessee St.,2026-02-15 21:00:00+00:00,234.21,2,24868,2229,13141
Sports,Basketball,KXNCAAMBSPREAD,KXNCAAMBSPREAD-26FEB05USIUTM,Southern Indiana at Tennessee-Martin: Spread,2026-02-20 01:30:00+00:00,334.71,11,23319,22643,20593
Sports,Basketball,KXNCAAMBSPREAD,KXNCAAMBSPREAD-26FEB05NAUIDST,Northern Arizona at Idaho St.: Spread,2026-02-20 02:00:00+00:00,335.21,11,21986,20614,15616
Sports,Soccer,KXEFLCHAMPIONSHIPGAME,KXEFLCHAMPIONSHIPGAME-26FEB03PORIPS,Portsmouth vs Ipswich,2026-02-17 19:45:00+00:00,280.96,3,21681,1321,9169
Sports,Basketball,KXNCAAMBTOTAL,KXNCAAMBTOTAL-26FEB05JVSTWKU,Jacksonville St. at Western Kentucky: Total Points,2026-02-20 02:00:00+00:00,335.21,11,21143,12673,19704
Sports,Basketball,KXNCAAMBTOTAL,KXNCAAMBTOTAL-26FEB05UTAUTU,UT Arlington at Utah Tech: Total Points,2026-02-20 02:00:00+00:00,335.21,11,20093,19636,16355
Sports,Hockey,KXNHLSPREAD,KXNHLSPREAD-26FEB05NSHWSH,Nashville at Washington: Spread,2026-02-20 00:00:00+00:00,333.21,4,19259,17390,14600
Sports,Soccer,KXSCOTTISHPREMGAME,KXSCOTTISHPREMGAME-26FEB04DUNMOT,Dundee FC vs Motherwell,2026-02-18 19:45:00+00:00,304.96,3,19256,2337,11308
Sports,Basketball,KXNCAAWBGAME,KXNCAAWBGAME-26FEB05FSUNCST,Florida St. at North Carolina St.,2026-02-20 01:00:00+00:00,334.21,2,18866,18808,16460
Sports,Basketball,KXNCAAWBGAME,KXNCAAWBGAME-26FEB05SHSUNMSU,Sam Houston at New Mexico St.,2026-02-20 01:00:00+00:00,334.21,2,18819,14973,18061
Sports,Basketball,KXNCAAMBGAME,KXNCAAMBGAME-26FEB05WIUTNTC,Western Illinois at Tennessee Tech,2026-02-20 01:30:00+00:00,334.71,2,18219,12834,14553
Sports,Esports,KXCS2MAP,KXCS2MAP-26FEB01NRGMOUZ-2,IEM Krakow 2026: NRG vs. MOUZ Map 2,2026-02-15 13:00:00+00:00,226.21,2,17137,999,9390
Sports,Basketball,KXNCAAMBSPREAD,KXNCAAMBSPREAD-26FEB05UNCOWEB,Northern Colorado at Weber St.: Spread,2026-02-20 02:00:00+00:00,335.21,11,16995,12040,15856
Sports,Football,KXHALFTIMESHOW,KXHALFTIMESHOW-26FEB,How long will the halftime show last?,2026-02-10 04:59:00+00:00,98.2,8,16263,9711,11821
Sports,Basketball,KXNCAAMBTOTAL,KXNCAAMBTOTAL-26FEB05NEOMUND,Omaha at North Dakota: Total Points,2026-02-20 01:00:00+00:00,334.21,11,15515,13616,13208
Sports,Hockey,KXNHLFIRSTGOAL,KXNHLFIRSTGOAL-26FEB05PITBUF,PIT Penguins at BUF Sabres: First Goal,2026-02-20 00:00:00+00:00,333.21,17,15308,15308,15308
Sports,Tennis,KXATPCHALLENGERMATCH,KXATPCHALLENGERMATCH-26FEB05HEWSWE,Hewitt vs Sweeny,2026-02-20 02:10:00+00:00,335.38,2,14969,14173,14471
Sports,Basketball,KXNCAAWBGAME,KXNCAAWBGAME-26FEB05MISSALA,Ole Miss at Alabama,2026-02-20 02:00:00+00:00,335.21,2,14839,13177,13008
Sports,Basketball,KXNCAAMBSPREAD,KXNCAAMBSPREAD-26FEB05DENNDSU,Denver at North Dakota St.: Spread,2026-02-20 01:00:00+00:00,334.21,11,14732,13946,13504
Sports,Basketball,KXNCAAMBTOTAL,KXNCAAMBTOTAL-26FEB05UCSBUCD,UC Santa Barbara at UC Davis: Total Points,2026-02-20 02:00:00+00:00,335.21,11,14044,13630,12710
Sports,Basketball,KXNCAAMBTOTAL,KXNCAAMBTOTAL-26FEB05MORESEMO,Morehead St. at Southeast Missouri St.: Total Points,2026-02-20 01:30:00+00:00,334.71,11,13827,13744,12640
Sports,Basketball,KXNCAAMBTOTAL,KXNCAAMBTOTAL-26FEB05DENNDSU,Denver at North Dakota St.: Total Points,2026-02-20 01:00:00+00:00,334.21,11,13626,13002,11338
Sports,Basketball,KXNCAAWBGAME,KXNCAAWBGAME-26FEB05UTUUTA,Utah Tech at UT Arlington,2026-02-20 00:30:00+00:00,333.71,2,13269,12473,9620
Sports,Basketball,KXNCAAMBSPREAD,KXNCAAMBSPREAD-26FEB05EIUTNST,Eastern Illinois at Tennessee St.: Spread,2026-02-20 01:30:00+00:00,334.71,11,13129,12801,11139
Sports,Esports,KXCS2MAP,KXCS2MAP-26FEB01NRGMOUZ-1,IEM Krakow 2026: NRG vs. MOUZ Map 1,2026-02-15 13:00:00+00:00,226.21,2,12910,906,10050
Sports,Basketball,KXNCAAMBSPREAD,KXNCAAMBSPREAD-26FEB05EWUMONT,Eastern Washington at Montana: Spread,2026-02-20 02:00:00+00:00,335.21,10,12800,12797,11565
Sports,Basketball,KXNEXTTEAMNBA,KXNEXTTEAMNBA-26DSAB,Domantas Sabonis's next team?,2026-02-06 04:59:00+00:00,2.2,30,12389,1143,9388
Sports,Basketball,KXNCAAMBTOTAL,KXNCAAMBTOTAL-26FEB05WIUTNTC,Western Illinois at Tennessee Tech: Total Points,2026-02-20 01:30:00+00:00,334.71,11,12081,10322,10608
Sports,Basketball,KXNCAAMBSPREAD,KXNCAAMBSPREAD-26FEB05MORESEMO,Morehead St. at Southeast Missouri St.: Spread,2026-02-20 01:30:00+00:00,334.71,11,11815,11447,9891
Sports,Hockey,KXNHLFIRSTGOAL,KXNHLFIRSTGOAL-26FEB05NSHWSH,NSH Predators at WSH Capitals: First Goal,2026-02-20 00:00:00+00:00,333.21,19,11074,11074,11034
Sports,Basketball,KXNCAAWBGAME,KXNCAAWBGAME-26FEB05OSUWASH,Ohio St. at Washington,2026-02-20 02:00:00+00:00,335.21,2,10185,8343,8224
Sports,Basketball,KXNCAAWBGAME,KXNCAAWBGAME-26FEB05SCUPAC,Santa Clara at Pacific,2026-02-20 02:00:00+00:00,335.21,2,10065,9889,9846
Sports,Basketball,KXNCAAWBGAME,KXNCAAWBGAME-26FEB05USCNW,USC at Northwestern,2026-02-20 02:00:00+00:00,335.21,2,9956,4697,9773
Sports,Basketball,KXNCAAMBGAME,KXNCAAMBGAME-26JAN29SFPACHS,St. Francis (PA) at Chicago St.,2026-02-13 00:00:00+00:00,165.21,2,9730,125,6215
Sports,Football,KXNFLCELEBRITYGAME,KXNFLCELEBRITYGAME-26,PrizePicks Creator Games Winner,2026-02-20 00:00:00+00:00,333.21,8,9645,8806,8965
Sports,Basketball,KXNCAAWBGAME,KXNCAAWBGAME-26FEB05SDAKDEN,South Dakota at Denver,2026-02-20 01:00:00+00:00,334.21,2,9570,5097,9228
Sports,Basketball,KXNBA2D,KXNBA2D-26FEB05SASDAL,San Antonio at Dallas: Double Doubles,2026-02-20 01:30:00+00:00,334.71,4,9562,9539,9117
Sports,Hockey,KXNHLGOAL,KXNHLGOAL-26FEB05NYINJ,NYI Islanders at NJ Devils: Anytime Goal,2026-02-20 00:00:00+00:00,333.21,19,9483,9450,9435
Sports,Basketball,KXNCAAWBGAME,KXNCAAWBGAME-26FEB05ORSTGONZ,Oregon St. at Gonzaga,2026-02-20 02:00:00+00:00,335.21,2,9386,9021,9287
Sports,Hockey,KXNHLFIRSTGOAL,KXNHLFIRSTGOAL-26FEB05FLATB,FLA Panthers at TB Lightning: First Goal,2026-02-20 00:30:00+00:00,333.71,17,9050,9050,9050
Sports,Hockey,KXNHLGOAL,KXNHLGOAL-26FEB05PITBUF,PIT Penguins at BUF Sabres: Anytime Goal,2026-02-20 00:00:00+00:00,333.21,17,9013,9013,8374
Sports,Basketball,KXNCAAMBSPREAD,KXNCAAMBSPREAD-26FEB05UTAUTU,UT Arlington at Utah Tech: Spread,2026-02-20 02:00:00+00:00,335.21,11,8934,7533,6765
Sports,Basketball,KXNCAAMBTOTAL,KXNCAAMBTOTAL-26FEB05UNCOWEB,Northern Colorado at Weber St.: Total Points,2026-02-20 02:00:00+00:00,335.21,11,8272,7986,8003
Sports,Basketball,KXNCAAWBGAME,KXNCAAWBGAME-26FEB05CBUTARL,California Baptist at Tarleton St.,2026-02-20 01:00:00+00:00,334.21,2,7860,6554,7845
Sports,Basketball,KXNCAAWBGAME,KXNCAAWBGAME-26FEB05UCSDLBSU,UC San Diego at Long Beach St.,2026-02-20 02:00:00+00:00,335.21,2,7844,6768,7728
Sports,Basketball,KXNBABLK,KXNBABLK-26FEB05SASDAL,San Antonio at Dallas: Blocks,2026-02-20 01:30:00+00:00,334.71,6,7564,7564,7533
Sports,Soccer,KXEKSTRAKLASAGAME,KXEKSTRAKLASAGAME-26JAN30RADARK,Radomiak Radom vs Arka Gdynia,2026-02-13 19:30:00+00:00,184.71,3,7099,10,3774
Sports,Basketball,KXNCAAMBTOTAL,KXNCAAMBTOTAL-26FEB05NAUIDST,Northern Arizona at Idaho St.: Total Points,2026-02-20 02:00:00+00:00,335.21,11,7009,6954,6844
Sports,Hockey,KXNHLFIRSTGOAL,KXNHLFIRSTGOAL-26FEB05NYINJ,NYI Islanders at NJ Devils: First Goal,2026-02-20 00:00:00+00:00,333.21,19,6954,6954,6954
Sports,Basketball,KXNCAAWBGAME,KXNCAAWBGAME-26FEB05WSUUSD,Washington St. at San Diego,2026-02-20 02:00:00+00:00,335.21,2,6076,4598,4705
Sports,Basketball,KXNCAAWBGAME,KXNCAAWBGAME-26FEB05SIUUIC,Southern Illinois at UIC,2026-02-20 01:00:00+00:00,334.21,2,5926,5041,3750
Sports,Basketball,KXNBAPTS,KXNBAPTS-26FEB05CHITOR,Chicago at Toronto: Points,2026-02-20 00:30:00+00:00,333.71,4,5802,5517,4876
Sports,Basketball,KXNBAREB,KXNBAREB-26FEB05CHITOR,Chicago at Toronto: Rebounds,2026-02-20 00:30:00+00:00,333.71,5,5358,5058,5235
Sports,Hockey,KXNHLGOAL,KXNHLGOAL-26FEB05NSHWSH,NSH Predators at WSH Capitals: Anytime Goal,2026-02-20 00:00:00+00:00,333.21,19,5014,5014,4478
Sports,Basketball,KXNCAAMBSPREAD,KXNCAAMBSPREAD-26FEB05LINWUALR,Lindenwood at Little Rock: Spread,2026-02-20 01:00:00+00:00,334.21,11,4921,4921,4049
Sports,Basketball,KXNCAAMBSPREAD,KXNCAAMBSPREAD-26FEB05WIUTNTC,Western Illinois at Tennessee Tech: Spread,2026-02-20 01:30:00+00:00,334.71,11,4666,4504,3878
Sports,Basketball,KXNCAAMBTOTAL,KXNCAAMBTOTAL-26FEB05LINWUALR,Lindenwood at Little Rock: Total Points,2026-02-20 01:00:00+00:00,334.21,11,4637,3350,4263
Sports,Basketball,KXNCAAWBGAME,KXNCAAWBGAME-26FEB05LTUTEP,Louisiana Tech at UTEP,2026-02-20 02:00:00+00:00,335.21,2,4351,3853,4301
Sports,Soccer,KXJOINMESSI,KXJOINMESSI-26,Will Messi join Galatasaray?,2026-02-18 15:00:00+00:00,300.21,1,4317,18,2507
Sports,Basketball,KXNCAAMBSPREAD,KXNCAAMBSPREAD-26FEB05JVSTWKU,Jacksonville St. at Western Kentucky: Spread,2026-02-20 02:00:00+00:00,335.21,10,4213,4200,4006
Sports,Basketball,KXNCAAMBTOTAL,KXNCAAMBTOTAL-26FEB05IDHOMTST,Idaho at Montana St.: Total Points,2026-02-20 02:00:00+00:00,335.21,11,4168,3720,3182
Sports,Basketball,KXNBA2D,KXNBA2D-26FEB05UTAATL,Utah at Atlanta: Double Doubles,2026-02-20 00:30:00+00:00,333.71,5,4091,4091,4022
Sports,Basketball,KXNCAAWBGAME,KXNCAAWBGAME-26FEB05LMUSMC,Loyola Marymount at Saint Mary's,2026-02-20 02:30:00+00:00,335.71,2,4065,3452,4059
Sports,Basketball,KXNBA3D,KXNBA3D-26FEB05CHAHOU,Charlotte at Houston: Triple Doubles,2026-02-20 01:00:00+00:00,334.21,2,4034,4034,4034
Sports,Basketball,KXNBA2D,KXNBA2D-26FEB05CHAHOU,Charlotte at Houston: Double Doubles,2026-02-20 01:00:00+00:00,334.21,6,4013,4013,3682
Sports,Soccer,KXSCOTTISHPREMGAME,KXSCOTTISHPREMGAME-26FEB04ABECEL,Aberdeen vs Celtic,2026-02-18 20:00:00+00:00,305.21,3,3860,384,2917
Sports,Basketball,KXNCAAWBGAME,KXNCAAWBGAME-26FEB05IDSTNAU,Idaho St. at Northern Arizona,2026-02-20 01:00:00+00:00,334.21,2,3613,3207,3522
Sports,"Hockey, Olympics",KXWOWHOCKEY,KXWOWHOCKEY-26FEB05FINCAN,Finland vs Canada,2026-02-19 20:10:00+00:00,329.38,2,3579,3577,3558
Sports,Hockey,KXNHLPTS,KXNHLPTS-26FEB05OTTPHI,OTT Senators at PHI Flyers: Points,2026-02-20 00:00:00+00:00,333.21,54,3147,3147,3147
Sports,Hockey,KXNHLGOAL,KXNHLGOAL-26FEB05OTTPHI,OTT Senators at PHI Flyers: Anytime Goal,2026-02-20 00:00:00+00:00,333.21,18,3123,2578,3109
Sports,Esports,KXCS2TOTALMAPS,KXCS2TOTALMAPS-26FEB01NRGMOUZ,IEM Krakow 2026: NRG vs. MOUZ Total Maps,2026-02-15 13:00:00+00:00,226.21,1,2736,13,1982
Sports,Basketball,KXNBA3PT,KXNBA3PT-26FEB05CHITOR,Chicago at Toronto: Three Pointers,2026-02-20 00:30:00+00:00,333.71,5,2153,2153,2114
Sports,Hockey,KXNHLAST,KXNHLAST-26FEB05PITBUF,PIT Penguins at BUF Sabres: Assists,2026-02-20 00:00:00+00:00,333.21,34,2088,2088,2088
Sports,Basketball,KXNCAAWBGAME,KXNCAAWBGAME-26FEB05MTSTIDHO,Montana St. at Idaho,2026-02-20 02:00:00+00:00,335.21,2,2069,2068,2069
Sports,Basketball,KXNCAAWBGAME,KXNCAAWBGAME-26FEB05UCICSB,UC Irvine at Cal State Bakersfield,2026-02-20 02:30:00+00:00,335.71,2,1856,1784,1837
Sports,Basketball,KXNCAAWBGAME,KXNCAAWBGAME-26FEB05WEBUNCO,Weber St. at Northern Colorado,2026-02-20 01:00:00+00:00,334.21,2,1593,1212,1548
Sports,Basketball,KXNCAAWBGAME,KXNCAAWBGAME-26FEB05SFSEA,San Francisco at Seattle,2026-02-20 02:00:00+00:00,335.21,2,1389,1346,1353
Sports,Basketball,KXNBA3D,KXNBA3D-26FEB05UTAATL,Utah at Atlanta: Triple Doubles,2026-02-20 00:30:00+00:00,333.71,1,1389,1389,941
Sports,Hockey,KXNHLPTS,KXNHLPTS-26FEB05PITBUF,PIT Penguins at BUF Sabres: Points,2026-02-20 00:00:00+00:00,333.21,51,1381,1381,1371
Sports,Basketball,KXNCAAWBGAME,KXNCAAWBGAME-26FEB05CSFUCRV,Cal State Fullerton at UC Riverside,2026-02-20 02:00:00+00:00,335.21,2,1284,982,1132
Sports,Hockey,KXNHLFIRSTGOAL,KXNHLFIRSTGOAL-26FEB05OTTPHI,OTT Senators at PHI Flyers: First Goal,2026-02-20 00:00:00+00:00,333.21,18,1042,1042,1042
Sports,Basketball,KXNBA2D,KXNBA2D-26FEB05CHITOR,Chicago at Toronto: Double Doubles,2026-02-20 00:30:00+00:00,333.71,1,1040,1040,780
Sports,Hockey,KXNHLPTS,KXNHLPTS-26FEB05FLATB,FLA Panthers at TB Lightning: Points,2026-02-20 00:30:00+00:00,333.71,51,1002,1002,1002
Sports,Hockey,KXNHLPTS,KXNHLPTS-26FEB05NSHWSH,NSH Predators at WSH Capitals: Points,2026-02-20 00:00:00+00:00,333.21,57,1001,1001,1001
Sports,Basketball,KXNBABLK,KXNBABLK-26FEB05CHAHOU,Charlotte at Houston: Blocks,2026-02-20 01:00:00+00:00,334.21,12,972,972,972
Sports,Basketball,KXNBASTL,KXNBASTL-26FEB05CHAHOU,Charlotte at Houston: Steals,2026-02-20 01:00:00+00:00,334.21,12,854,854,854
Sports,Basketball,KXNBASTL,KXNBASTL-26FEB05UTAATL,Utah at Atlanta: Steals,2026-02-20 00:30:00+00:00,333.71,9,792,792,792
Sports,Hockey,KXNHLPTS,KXNHLPTS-26FEB05NYINJ,NYI Islanders at NJ Devils: Points,2026-02-20 00:00:00+00:00,333.21,57,631,631,631
Sports,Basketball,KXNBABLK,KXNBABLK-26FEB05CHITOR,Chicago at Toronto: Blocks,2026-02-20 00:30:00+00:00,333.71,3,457,457,457
Sports,Soccer,KXSCOTTISHPREMGAME,KXSCOTTISHPREMGAME-26JAN24DUUMIR,Dundee United vs St. Mirren,2026-02-07 15:00:00+00:00,36.21,3,404,1,236
Sports,Hockey,KXNHLAST,KXNHLAST-26FEB05FLATB,FLA Panthers at TB Lightning: Assists,2026-02-20 00:30:00+00:00,333.71,34,314,314,314
Sports,Basketball,KXNBA3D,KXNBA3D-26FEB05SASDAL,San Antonio at Dallas: Triple Doubles,2026-02-20 01:30:00+00:00,334.71,1,255,255,255
Sports,Basketball,KXNCAAWBGAME,KXNCAAWBGAME-26FEB05ALCNMVSU,Alcorn St. at Mississippi Valley St.,2026-02-20 01:00:00+00:00,334.21,2,223,223,217
Sports,Cricket,KXSSHIELDMATCH,KXSSHIELDMATCH-26FEB04REDBLU,New South Wales Blues vs South Australia Redbacks,2026-02-19 23:30:00+00:00,332.71,3,221,111,111
Sports,Lacrosse,KXNCAAMLAXGAME,KXNCAAMLAXGAME-26FEB06STOSAC,Stony Brook vs Sacred Heart,2026-02-08 19:30:00+00:00,64.71,2,191,175,185
Sports,Basketball,KXNCAAWBGAME,KXNCAAWBGAME-26FEB05CPCSN,Cal Poly at Cal State Northridge,2026-02-20 02:00:00+00:00,335.21,2,130,81,130
Sports,Basketball,KXNCAAWBGAME,KXNCAAWBGAME-26FEB05MONTEWU,Montana at Eastern Washington,2026-02-20 02:00:00+00:00,335.21,2,121,120,121
Sports,Basketball,KXNCAAWBGAME,KXNCAAWBGAME-26FEB05UCDUCSB,UC Davis at UC Santa Barbara,2026-02-20 02:00:00+00:00,335.21,2,115,93,115
Sports,Basketball,KXNBASTL,KXNBASTL-26FEB05CHITOR,Chicago at Toronto: Steals,2026-02-20 00:30:00+00:00,333.71,3,108,108,108
Sports,Lacrosse,KXNCAAMLAXGAME,KXNCAAMLAXGAME-26FEB06UTADUK,Utah vs Duke,2026-02-08 22:00:00+00:00,67.21,2,51,0,50
Sports,Basketball,KXNBAALLSTARS,KXNBAALLSTARS-263PT,Pro Basketball 3-Point Contest Participants?,2026-02-16 03:00:00+00:00,240.21,40,35,0,35
Sports,Lacrosse,KXNCAAMLAXGAME,KXNCAAMLAXGAME-26FEB06HOLHOF,Holy Cross vs Hofstra,2026-02-08 20:00:00+00:00,65.21,2,26,0,26
Sports,Hockey,KXNHLAST,KXNHLAST-26FEB05NSHWSH,NSH Predators at WSH Capitals: Assists,2026-02-20 00:00:00+00:00,333.21,38,4,4,4
Sports,Hockey,KXNHLAST,KXNHLAST-26FEB05NYINJ,NYI Islanders at NJ Devils: Assists,2026-02-20 00:00:00+00:00,333.21,38,2,2,2
Sports,Cricket,KXSSHIELDMATCH,KXSSHIELDMATCH-26FEB04TIGWEA,Western Australia vs Tasmania Tigers,2026-02-20 02:30:00+00:00,335.71,3,0,0,0
Sports,Cricket,KXSSHIELDMATCH,KXSSHIELDMATCH-26FEB04BULVIC,Victoria vs Queensland Bulls,2026-02-19 23:30:00+00:00,332.71,3,0,0,0
Sports,Table Tennis,KXTABLETENNIS,KXTABLETENNIS-26FEB05JROBWI,Jaroslaw Rolak vs Bartlomiej Wisniewski,2026-02-20 02:35:00+00:00,335.8,2,0,0,0
Sports,Hockey,KXNHLAST,KXNHLAST-26FEB05OTTPHI,OTT Senators at PHI Flyers: Assists,2026-02-20 00:00:00+00:00,333.21,36,0,0,0
