market_ticker,return_1h,return_6h,return_24h,trend_slope_24h,max_drawdown_24h,volatility_24h,vol_regime_shift,high_low_range_24h,candle_count
KXHMONTH-26JAN,-0.666667,-0.666667,-0.666667,-0.045172,0.75,0.807498,1.1035,1.269231,22
KXHMONTHRANGE-26JAN-T1.30,0.0,0.0,-0.666667,-0.234266,0.666667,0.392187,1.1443,1.043478,12
KXHMONTHRANGE-26JAN-T1.03,-0.125,0.0,-0.481481,-1.039216,0.535714,0.134449,1.0975,0.726496,17
KXHMONTHRANGE-26JAN-B1.130,0.351351,0.0,0.0,-0.827941,0.3,0.119516,1.5769,0.323015,16
KXHMONTHRANGE-26JAN-B1.270,0.0,9.0,9.0,1.285714,0.0,3.149344,1.065,2.769231,8
KXHMONTHRANGE-26JAN-B1.200,0.333333,0.0,0.0,0.032143,0.75,0.566603,1.4864,2.076923,15
KXHMONTHRANGE-26JAN-B1.060,-0.074074,0.442308,0.442308,1.357143,0.074074,0.112755,1.4451,0.516627,15
KXGDPYEAR-25-B3.8,0.0,0.0,0.0,0.0,0.0,0.0,1.0,0.0,7
KXGDPYEAR-25-T0.1,0.0,0.0,0.0,0.0,0.0,0.0,1.0,0.0,6
KXGDPYEAR-25-B0.8,,,,,,,,,0
KXGDPYEAR-25-T5.0,0.0,0.0,0.0,0.0,0.0,0.0,1.0,0.0,2
KXGDPYEAR-25-B0.3,0.0,0.0,0.0,0.0,0.0,0.0,1.0,0.0,6
KXGDPYEAR-25-B4.3,0.0,0.0,0.0,0.0,0.0,0.0,1.0,0.0,8
KXGDPYEAR-25-B4.8,0.0,0.0,0.0,0.0,0.0,0.0,1.0,0.0,7
KXGDPYEAR-25-B1.3,0.0,0.0,0.0,0.0,0.0,0.0,1.0,0.0,3
KXGDPYEAR-25-B3.3,0.333333,0.0,0.0,-0.131868,0.75,0.631104,1.3759,0.906977,13
KXCPICORE-26JAN-T0.2,-0.088608,-0.257732,-0.257732,-1.284211,0.278351,0.070954,1.6655,0.3387,19
KXECONSTATCPICORE-26JAN-T0.3,0.0,0.0,0.0,0.0,0.0,0.0,1.0,0.0,10
KXGDPYEAR-25-B2.8,0.0,0.1,0.222222,0.192982,0.222222,0.11288,0.3302,0.538922,18
KXECONSTATCPICORE-26JAN-T0.2,0.0,0.0,0.0,0.0,0.0,0.0,1.0,0.0,13
KXCPIYOY-26JAN-T2.2,0.0,0.021053,0.043011,0.154799,0.0,0.00449,1.0995,0.042007,18
KXECONSTATCPIYOY-26JAN-T2.4,0.04,0.04,0.04,0.045455,0.0,0.012,1.2423,0.039855,11
KXCPI-26JAN-T0.0,-0.041237,0.0,0.0,0.182418,0.041237,0.015914,1.4719,0.04265,14
KXCPICOREYOY-26JAN-T2.4,0.0,0.0,0.0,0.0,0.0,0.0,1.0,0.015385,13
KXGDP-26JAN30-T1.5,0.0,-0.020619,-0.020619,-0.151648,0.020619,0.003739,1.3066,0.020725,14
KXECONSTATCPI-26JAN-T0.2,0.0,0.0,0.0,0.0,0.0,0.0,1.0,0.0,12
KXECONSTATCORECPIYOY-26JAN-T2.5,0.0,27.5,27.5,6.0,0.0,8.25,1.2423,3.235294,11
KXCPIYOY-26JAN-T2.3,-0.021277,0.045455,0.082353,0.295455,0.034483,0.014356,1.0382,0.14883,23
KXCPI-26JAN-T0.1,0.012821,0.012821,0.025974,0.078063,0.025641,0.012259,1.1089,0.051685,23
KXECONSTATCPIYOY-26JAN-T2.5,0.014706,0.014706,-0.178571,-1.694505,0.190476,0.051232,0.107,0.210329,14
KXCPICORE-26JAN-T0.1,0.053763,0.076923,0.076923,0.289706,0.041237,0.023844,1.523,0.076139,16
KXECONSTATCPICORE-26JAN-T0.1,0.0,0.0,0.0,0.0,0.0,0.0,1.0,0.0,10
KXECONSTATCPI-26JAN-T0.1,0.0,0.0,0.0,0.0,0.0,0.0,1.0,0.0,10
KXCPIYOY-26JAN-T2.4,0.177419,0.258621,0.303571,0.324348,0.068966,0.041429,1.6398,0.553314,24
KXGDPYEAR-25-B2.3,0.011628,-0.022472,-0.022472,-0.181818,0.033708,0.011611,1.3372,0.033898,12
KXECONSTATCPI-26JAN-T0.0,0.0,0.0,0.0,0.0,0.0,0.0,1.0,0.0,10
KXECONSTATCPI-26JAN-T0.3,0.0,0.0,0.0,0.0,0.0,0.0,1.0,0.0,12
KXCPICORE-26JAN-T0.3,0.019231,0.06,-0.171875,-1.080702,0.421875,0.205242,1.16,0.632747,19
KXCPI-26JAN-T0.2,0.0,0.02439,0.0,-0.030632,0.071429,0.02114,1.0552,0.072176,23
KXECONSTATCORECPIYOY-26JAN-T2.4,0.0,0.0,0.0,0.0,0.0,0.0,1.0,0.0,10
KXECONSTATCORECPIYOY-26JAN-T2.3,-0.333333,-0.333333,-0.333333,-0.028571,0.333333,0.088823,1.3986,1.02439,14
KXECONSTATCORECPIYOY-26JAN-T2.6,0.0,0.0,0.0,0.0,0.0,0.0,1.0,0.0,13
KXGDP-26JAN30-T1.75,0.0,-0.020833,-0.020833,-0.357143,0.020833,0.00729,1.065,0.021108,8
KXECONSTATCPIYOY-26JAN-T2.3,0.0,-0.666667,-0.666667,-1.51049,0.666667,0.191653,1.2964,1.0,12
KXECONSTATCPI-26JAN-T0.4,0.0,0.0,0.0,0.0,0.0,0.0,1.0,0.0,10
KXCPIYOY-26JAN-T2.5,-0.233333,-0.258065,-0.30303,-0.424348,0.823529,0.87689,1.8915,1.057851,24
KXGDP-26JAN30-T2.0,0.022727,0.0,0.011236,-0.104396,0.033333,0.010769,1.3547,0.044944,13
KXEGGS-JAN-0,0.333333,0.636364,2.0,0.32087,0.804878,0.982981,0.4086,1.411765,24
KXGDP-26JAN30-T5.5,0.0,0.0,0.0,0.0,0.0,0.0,1.0,0.0,13
KXGDPYEAR-25-B1.8,0.0,1.0,1.0,0.081818,0.0,0.3,1.2423,0.846154,11
KXGDP-26JAN30-T4.5,0.0,0.0,0.0625,0.076471,0.058824,0.027056,1.2948,0.061069,16
KXGDP-26JAN30-T5,0.1,0.0,0.1,0.003571,0.090909,0.044251,1.2463,0.092025,15
KXCPI-26JAN-T0.3,0.0,0.0,-0.111111,-0.077357,0.222222,0.0616,0.6055,0.246499,22
KXCPICOREYOY-26JAN-T2.5,-0.111111,-0.263158,-0.050847,0.35,0.263158,0.126734,0.5422,0.39055,15
KXGDP-26JAN30-T3.5,0.0,0.046512,-0.021739,-0.109091,0.106383,0.022816,0.7597,0.110643,21
KXGDP-26JAN30-T2.5,0.012821,-0.0125,-0.024691,-0.232843,0.04878,0.013063,1.0317,0.062408,17
KXCPICOREYOY-26JAN-T2.6,-0.617647,-0.628571,-0.666667,-0.858824,0.666667,0.152796,1.4941,0.74552,16
KXGDP-26JAN30-T3.0,0.017241,0.017241,-0.016667,-0.102767,0.173913,0.056869,0.3619,0.21793,23
KXCPI-26JAN-T0.4,0.25,0.0,-0.285714,-0.096491,0.428571,0.109448,1.534,0.57,19
KXCPICORE-26JAN-T0.4,-0.071429,-0.235294,-0.235294,-0.286713,0.315789,0.087343,1.3249,0.367347,12
KXCPICOREYOY-26JAN-T2.7,0.0,0.0,0.0,0.0,0.0,0.0,1.0,0.0,11
KXCPI-26JAN-T-0.1,-0.010101,-0.010101,-0.010101,-0.054545,0.010101,0.003174,1.1859,0.010111,10
KXECONSTATCPIYOY-26JAN-T2.7,0.0,-0.964286,-0.964286,-3.927273,0.964286,0.303046,1.1859,1.569767,10
KXCPICOREYOY-26JAN-T2.8,0.0,-0.583333,-0.545455,-0.307353,0.583333,0.148857,1.4604,0.687117,16
KXCPIYOY-26JAN-T2.6,-0.466667,0.0,-0.2,0.013834,0.5,0.304591,1.8626,3.965517,23
KXCPICOREYOY-26JAN-T2.9,-0.5,-0.666667,-0.875,-0.455882,0.888889,1.997605,1.5723,1.387755,17
KXGDP-26JAN30-T6,-0.333333,1.0,0.0,0.004396,0.5,0.572203,1.3627,1.4,14
KXCPICOREYOY-26JAN-T3.0,0.0,0.0,0.0,0.0,0.0,0.0,1.0,0.0,5
KXCPICOREYOY-26JAN-T3.1,0.0,0.0,0.0,0.0,0.0,0.0,1.0,0.0,6
KXCPICORE-26JAN-T0.5,0.0,0.0,0.0,0.0,0.0,0.0,1.0,0.0,12
KXCPIYOY-26JAN-T3.1,1.0,1.0,0.0,-0.0516,0.5,0.378944,1.4752,3.214286,18
KXCPIYOY-26JAN-T2.7,2.0,2.75,1.5,0.038538,0.428571,0.448397,1.6824,2.536765,23
KXECONSTATCPICORE-26JAN-T0.4,0.0,0.0,0.0,0.0,0.0,0.0,1.0,0.0,13
KXCPIYOY-26JAN-T2.9,0.0,0.666667,0.25,-0.07594,0.75,1.023857,1.5282,1.230769,20
KXECONSTATCPI-26JAN-T-0.1,0.0,0.0,0.0,0.0,0.0,0.0,1.0,0.0,10
KXECONSTATCPI-26JAN-T0.5,0.0,0.0,0.0,0.0,0.0,0.0,1.0,0.0,10
KXECONSTATCPICORE-26JAN-T0.5,0.0,0.0,0.0,-0.0,0.0,0.0,1.0,0.0,10
KXECONSTATCORECPIYOY-26JAN-T2.9,0.0,0.0,0.0,0.0,0.0,0.0,1.0,0.0,10
KXGDP-26JAN30-T4,0.0,0.0,0.0,-0.028896,0.133333,0.047131,0.4154,0.169811,18
KXCPIYOY-26JAN-T2.1,0.0,0.0,0.0,-0.0,0.0,0.0,1.0,0.0,9
KXECONSTATCPI-26JAN-T0.6,0.0,0.0,0.0,0.0,0.0,0.0,1.0,0.0,10
KXECONSTATCPI-26JAN-T-0.2,0.0,0.0,0.0,0.0,0.0,0.0,1.0,0.0,10
KXCPIYOY-26JAN-T3.0,0.0,0.0,0.0,-0.008791,0.666667,0.348284,1.4532,3.0,14
KXCPIYOY-26JAN-T2.8,0.0,0.5,0.0,-0.064662,0.75,0.505091,1.6434,0.9375,20
KXECONSTATCPIYOY-26JAN-T3.0,0.0,0.0,0.0,-0.0,0.0,0.0,1.0,0.0,10
KXECONSTATCORECPIYOY-26JAN-T3.0,0.0,0.0,0.0,0.0,0.0,0.0,1.0,0.0,10
KXECONSTATCORECPIYOY-26JAN-T3.1,0.0,0.0,0.0,0.0,0.0,0.0,1.0,0.0,10
KXGDP-26JAN30-T0,0.0,0.0,0.0,0.0,0.0,0.0,1.0,0.0,6
KXECONSTATCORECPIYOY-26JAN-T2.8,0.0,0.0,0.0,0.0,0.0,0.0,1.0,0.0,10
KXJOBLESSCLAIMS-26FEB12-230000,0.322581,0.28125,0.28125,0.203571,0.03125,0.08408,1.4638,0.307377,15
KXECONSTATCPIYOY-26JAN-T2.9,0.0,0.0,0.0,0.0,0.0,0.0,1.0,0.0,10
KXECONSTATCPIYOY-26JAN-T2.1,0.0,0.0,0.0,0.0,0.0,0.0,1.0,0.0,10
KXECONSTATCPIYOY-26JAN-T3.1,0.0,0.0,0.0,0.0,0.0,0.0,1.0,0.0,10
KXECONSTATCPIYOY-26JAN-T3.3,0.0,0.0,0.0,0.0,0.0,0.0,1.0,0.0,10
KXCBDECISIONRUSSIA-26FEB13-HOLD,-0.028986,-0.014706,-0.014706,-0.172727,0.097222,0.025748,1.2833,0.187629,21
KXECONSTATCPICORE-26JAN-T-0.1,0.0,0.0,0.0,-0.0,0.0,0.0,1.0,0.0,10
KXECONSTATCPICORE-26JAN-T-0.2,0.0,0.0,0.0,0.0,0.0,0.0,1.0,0.0,10
KXECONSTATCPIYOY-26JAN-T2.0,0.0,0.0,0.0,-0.0,0.0,0.0,1.0,0.0,10
KXJOBLESSCLAIMS-26FEB12-210000,0.012821,0.012821,0.039474,0.289286,0.025,0.012031,1.2772,0.051769,15
KXJOBLESSCLAIMS-26FEB12-215000,0.014706,0.014706,-0.054795,-0.473039,0.123288,0.024943,1.4199,0.127394,17
KXECONSTATCPIYOY-26JAN-T3.2,0.0,0.0,0.0,0.0,0.0,0.0,1.0,0.0,10
KXJOBLESSCLAIMS-26FEB12-225000,0.0,0.020408,-0.019608,-0.124812,0.098039,0.028936,1.6844,0.099602,20
KXJOBLESSCLAIMS-26FEB12-220000,0.0,-0.048387,-0.063492,-0.284211,0.063492,0.01146,1.5736,0.064957,19
KXCBDECISIONRUSSIA-26FEB13-C50,0.068966,-0.544118,0.033333,0.545865,0.597222,0.37459,0.4216,1.341108,20
KXJOBLESSCLAIMS-26FEB12-200000,0.0,0.011236,0.011236,0.072527,0.0,0.002994,1.3986,0.011209,14
KXJOBLESSCLAIMS-26FEB12-240000,0.0,0.0,0.0,-0.0,0.0,0.0,1.0,0.0,12
KXCBDECISIONRUSSIA-26FEB13-C25,0.0,1.0,-0.538462,-0.296703,0.769231,0.711994,1.2798,1.354167,13
KXJOBSRELEASE-26MAR-26FEB17,0.0,0.0,0.0,0.0,0.0,0.0,1.0,0.0,6
KXGDP-26JAN30-T1.25,0.010526,-0.010309,-0.010309,-0.25,0.020619,0.0093,1.0,0.020896,7
KXCPICOREYOY-26JAN-T3.2,0.0,0.0,0.0,-0.0,0.0,0.0,1.0,0.0,5
KXCPICOREYOY-26JAN-T3.5,0.0,0.0,0.0,-0.0,0.0,0.0,1.0,0.0,5
KXGDP-26JAN30-T1.0,0.0,0.010204,0.010204,0.09697,0.0,0.003207,1.1859,0.010183,10
KXCBDECISIONRUSSIA-26FEB13-H50P,0.333333,0.333333,0.333333,0.045455,0.0,0.1,1.2423,0.323529,11
KXCBDECISIONRUSSIA-26FEB13-H25P,0.0,0.0,0.0,0.0,0.0,0.0,1.0,0.0,12
KXCBDECISIONRUSSIA-26FEB13-H50,0.0,0.0,0.0,0.0,0.0,0.0,1.0,0.0,10
KXCBDECISIONRUSSIA-26FEB13-C50P,0.0,0.0,0.0,0.0,0.0,0.0,1.0,0.0,11
KXJOBSRELEASE-26MAR-26FEB14,0.020833,0.088889,0.088889,0.832168,0.0,0.019499,1.2566,0.085868,12
KXGDP-26JAN30-T.5,0.0,0.0,0.0,-0.0,0.0,0.0,1.0,0.0,5
KXGDP-26JAN30-T-0.5,0.0,0.0,0.0,-0.0,0.0,0.0,1.0,0.0,5
KXTOPALBUMTHEFALLOFF-26FEB21-FAL,0.0875,0.144737,0.191781,0.135652,0.109756,0.049064,0.6673,0.219355,24
KXSBGUESTS-26-ROG,,,,,,,,,0
KXSBGUESTS-26-JBEZ,0.0,0.0,1.0,0.017157,0.833333,1.300207,0.4796,17.354167,17
KXSBGUESTS-26-TOM,-0.5,0.0,-0.5,-0.063725,0.75,0.602165,0.7453,1.942857,17
KXSBGUESTS-26-KLAM,0.0,-0.5,0.0,-0.012255,0.666667,0.622129,0.8037,1.888889,17
KXSBGUESTS-26-TCHA,0.0,0.0,0.0,0.0,0.0,0.0,1.0,0.0,17
KXSBGUESTS-26-DJT,0.0,0.0,0.0,0.0,0.0,0.0,1.0,0.0,16
KXSBGUESTS-26-EM,0.0,-0.933333,0.0,0.095588,0.933333,1.654618,0.3521,7.157895,17
KXSBGUESTS-26-JB,0.0,0.0,0.0,0.0,0.0,0.0,1.0,0.0,12
KXSBGUESTS-26-TS,0.0,0.0,0.0,0.0,0.0,0.0,1.0,0.0,17
KXSBGUESTS-26-LGAG,,,,,,,,,0
KXSBGUESTS-26-JDV,0.0,0.0,0.0,-0.0,0.0,0.0,1.0,0.0,15
KXALBUMSALES-FAL-100000,0.06383,0.162791,0.0,-0.574783,0.40678,0.108115,1.121,0.648084,24
KXSBGUESTS-26-BO,0.0,0.0,0.0,-0.0,0.0,0.0,1.0,0.0,15
KXRANKLISTSONGTOP10-26FEB14-OPA,0.0,-0.5,-0.9,-1.215217,0.964286,0.519775,0.6928,3.068852,24
KXRT-WUT-75,0.833333,1.75,-0.825397,-3.393043,0.973333,0.496718,1.1903,1.819672,24
KXSBGUESTS-26-DRA,0.0,0.0,0.0,0.0,0.0,0.0,1.0,0.0,17
KXSBGUESTS-26-PDAV,-0.333333,-0.333333,0.0,-0.176471,0.888889,1.172315,0.5038,2.72,17
KXSBGUESTS-26-LM,1.0,1.0,1.0,0.022059,0.0,0.249444,1.494,0.941176,16
KXRT-WUT-85,0.0,0.0,-0.956522,-1.619549,0.958333,0.224283,0.0,1.597222,20
KXSBGUESTS-26-MWAH,0.5,0.0,-0.25,-0.159314,0.6,0.314395,1.0893,1.133333,17
KXSBGUESTS-26-KN,0.0,0.0,0.0,-0.019118,0.5,0.286744,0.0,0.941176,16
KXALBUMSALES-FAL-125000,0.03125,0.222222,-0.214286,-0.475217,0.404762,0.140434,0.6687,0.669202,24
KXALBUMSALES-FAL-50000,0.0,0.010417,0.24359,0.347781,0.072165,0.058822,0.2147,0.200351,18
KXSBGUESTS-26-KKAR,,,,,,,,,0
KXSBGUESTS-26-SSWE,0.0,0.0,0.0,-0.0,0.0,0.0,1.0,0.0,15
KXSBGUESTS-26-BGAT,1.0,0.0,1.0,0.019118,0.5,0.46428,0.9666,0.842105,16
KXSBGUESTS-26-BAFF,0.0,0.0,-0.2,-0.313725,0.833333,0.594324,1.4893,3.813084,17
KXRT-WUT-70,-0.022222,0.222222,-0.421053,-2.172174,0.60241,0.206638,0.4742,0.954907,24
KXRT-WUT-45,0.010204,0.0,0.010204,0.075,0.010101,0.00465,1.2606,0.020298,15
KXALBUMSALES-FAL-60000,0.0,0.0,0.055556,0.151948,0.031579,0.014781,1.2537,0.053327,21
KXSBGUESTS-26-CARB,,,,,,,,,0
KXSBGUESTS-26-TH,0.0,0.0,0.0,0.0,0.0,0.0,1.0,0.0,13
KXALBUMSALES-FAL-80000,0.0,0.0,0.128571,0.116957,0.095238,0.04158,0.5378,0.252765,24
KXRT-WUT-90,0.0,-0.8,-0.916667,-0.660294,0.923077,0.743019,1.2222,1.794393,16
KXALBUMSALES-FAL-70000,-0.022222,0.035294,0.023256,-0.130435,0.105263,0.035666,0.6318,0.144027,23
KXRT-WUT-80,0.25,4.0,-0.886364,-2.520435,0.98,0.402635,0.8485,1.913876,24
KXSBGUESTS-26-SALT,-0.333333,0.0,1.0,0.007353,0.75,0.940951,0.3142,1.847826,17
KXRT-CRI-45,0.0,0.0,0.0,0.0,0.0,0.0,1.0,0.0,6
KXRANKLISTSONGTOP10-26FEB14-FOL,0.0,0.0,0.32,1.665414,0.012987,0.064161,0.0,0.281195,20
KXSBGUESTS-26-AHAT,0.0,0.0,0.0,0.0,0.0,0.0,1.0,0.0,13
KXSBGUESTS-26-ZEN,0.0,0.666667,0.666667,-0.286765,0.833333,0.75463,0.5544,8.138298,17
KXSBGUESTS-26-JK,0.181818,-0.675,-0.35,-1.590686,0.816667,0.263337,0.7602,2.203704,17
KXSBGUESTS-26-KHAR,0.0,0.0,0.0,-0.0,0.0,0.0,1.0,0.0,14
KXSBGUESTS-26-GNEW,,,,,,,,,0
KXSBGUESTS-26-PHIL,0.0,-0.5,-0.5,-0.035165,0.5,0.339683,0.5486,2.333333,14
KXSBGUESTS-26-MDAM,0.333333,-0.2,-0.333333,-0.208333,0.777778,0.702849,1.4867,4.689655,17
KXALBUMSALES-FAL-150000,0.133333,-0.055556,-0.451613,-0.552174,0.756757,0.296312,1.3248,1.647059,24
KXTOPSONG-26FEB21-OPA,0.333333,1.0,-0.75,-0.897744,0.875,0.366083,1.1804,1.590909,20
KXSBGUESTS-26-TBRA,,,,,,,,,0
KXALBUMSALES-FAL-30000,0.0,0.0,0.053191,1.142857,0.0,0.021277,1.0,0.05137,6
KXSBGUESTS-26-DOE,0.0,-0.571429,-0.4,-0.264706,0.666667,0.430173,0.4635,1.53,17
KXRT-WUT-65,0.070423,-0.116279,-0.146067,-0.590909,0.228261,0.06075,1.1686,0.517912,23
KXRANKLISTSONGTOP10-26FEB14-APE,0.5,-0.4,-0.842105,-1.100435,0.978261,0.826249,1.0804,3.355623,24
KXALBUMSALES-FAL-40000,-0.040404,-0.030612,0.130952,0.220779,0.040816,0.030923,0.5255,0.154943,21
KXRT-CRI-60,0.053763,0.010309,0.010309,-0.242424,0.072165,0.041915,1.224,0.084567,10
KXALBUMSALES-WUT-25000,-0.033898,-0.033898,-0.033898,-0.076923,0.033898,0.009745,1.2964,0.033994,12
KXRT-CRI-75,-0.025,-0.025,-0.025,0.147059,0.093023,0.023847,1.5771,0.099071,16
KXRT-WUT-60,-0.010101,-0.010101,0.053763,0.114286,0.282828,0.104255,1.8153,0.298023,21
KXALBUMSALES-WUT-20000,-0.259259,-0.375,-0.375,-1.482517,0.375,0.083085,1.2319,0.39779,12
KXALBUMSALES-WUT-5000,0.0,0.0,0.0,0.0,0.0,0.0,1.0,0.0,3
KXRANKLISTSONGTOP10-26FEB14-DAI,1.0,0.0,0.0,-0.065934,0.5,0.320048,1.4022,0.565217,13
KXRANKLISTSONGTOP10-26FEB14-COU,2.0,2.0,2.0,0.044118,0.0,0.498888,1.494,1.777778,16
KXALBUMSALES-WUT-30000,-0.119048,-0.139535,-0.139535,-0.363636,0.139535,0.03562,1.2204,0.142549,11
KXALBUMSALES-WUT-40000,0.5,-0.129032,-0.129032,-0.562937,0.419355,0.196623,1.3532,0.439437,12
KXRT-CRI-85,-0.020833,0.382353,0.27027,0.405195,0.081081,0.060229,1.26,0.366127,21
KXRT-CRI-80,0.130435,0.147059,0.258065,-0.422556,0.222222,0.103046,0.5448,0.259918,20
KXBILLBOARDRUNNERUPALBUM-26FEB21-THEL,0.0,0.0,0.0,0.0,0.0,0.0,1.0,0.0,7
KXBILLBOARDRUNNERUPSONG-26FEB21-FOL,0.0,0.0,0.0,-0.0,0.0,0.0,1.0,0.0,9
KXBILLBOARDRUNNERUPSONG-26FEB21-BAC,0.0,0.0,0.0,-0.0,0.0,0.0,1.0,0.0,9
KXBILLBOARDRUNNERUPSONG-26FEB21-APE,0.0,2.0,2.0,0.197802,0.0,0.552771,1.3484,1.238095,13
KXBILLBOARDRUNNERUPALBUM-26FEB21-WIT,0.0,0.0,0.0,0.0,0.0,0.0,1.0,0.0,10
KXBILLBOARDRUNNERUPALBUM-26FEB21-SOS,0.0,0.0,0.0,0.0,0.0,0.0,1.0,0.0,10
KXBILLBOARDRUNNERUPALBUM-26FEB21-SLI,0.0,0.0,0.0,0.0,0.0,0.0,1.0,0.0,10
KXBILLBOARDRUNNERUPALBUM-26FEB21-MEG,0.0,0.0,0.0,0.0,0.0,0.0,1.0,0.0,10
KXBILLBOARDRUNNERUPALBUM-26FEB21-KPO,0.0,0.0,0.0,0.0,0.0,0.0,1.0,0.0,10
KXBILLBOARDRUNNERUPALBUM-26FEB21-DON,0.0,0.0,0.0,0.0,0.0,0.0,1.0,0.0,10
KXTOPSONG-26FEB21-FOL,0.0,0.0,0.0,0.0,0.0,0.0,1.0,0.0,10
KXTOPSONG-26FEB21-BAC,0.0,0.0,0.0,0.0,0.0,0.0,1.0,0.0,10
KXTOPSONG-26FEB21-APE,0.0,1.0,-0.333333,-0.145055,0.666667,0.332346,1.1214,1.076923,14
KXBILLBOARDRUNNERUPSONG-26FEB21-THE,0.0,0.0,0.0,-0.0,0.0,0.0,1.0,0.0,9
KXBILLBOARDRUNNERUPSONG-26FEB21-ORD,0.0,0.0,0.0,-0.0,0.0,0.0,1.0,0.0,9
KXTOPSONG-26FEB21-THE,0.0,0.0,0.0,0.0,0.0,0.0,1.0,0.0,11
KXTOPSONG-26FEB21-ORD,0.0,0.0,0.0,0.0,0.0,0.0,1.0,0.0,10
KXTOPSONG-26FEB21-GOL,0.0,0.0,0.0,0.0,0.0,0.0,1.0,0.0,10
KXBILLBOARDRUNNERUPALBUM-26FEB21-THE,0.0,0.0,0.0,0.0,0.0,0.0,1.0,0.0,10
KXALBUMSALES-FAL-200000,0.083333,0.3,0.181818,-0.142174,0.526316,0.304816,0.476,1.234727,24
KXRT-CRI-90,-0.421053,-0.388889,-0.352941,-0.137662,0.45,0.171983,1.7598,0.541547,21
KXBILLBOARDRUNNERUPALBUM-26FEB21-IMT,0.0,0.0,0.0,-0.0,0.0,0.0,1.0,0.0,4
KXTOPSONG-26FEB21-MAN,0.0,0.0,0.0,0.0,0.0,0.0,1.0,0.0,10
KXRT-CRI-65,0.0,0.0,0.0,0.0,0.0,0.0,1.0,0.0,10
KXALBUMSALES-FAL-25000,0.0,0.0,0.0,-0.0,0.0,0.0,1.0,0.0,5
KXRANKLISTSONGTOP10-26FEB14-SOE,0.5,0.5,-0.943396,-2.143281,0.984615,1.321263,0.141,3.652605,23
KXALBUMSALES-WUT-10000,0.0,0.112676,0.112676,1.036364,0.0,0.0294,1.2276,0.121027,11
KXRT-CRI-70,0.0,0.0,0.0,0.0,0.0,0.0,1.0,0.0,13
KXALBUMSALES-WUT-45000,-0.32,-0.291667,-0.291667,-0.52381,0.32,0.115306,1.0694,0.344086,8
KXALBUMSALES-WUT-50000,0.052632,0.052632,0.052632,0.083333,0.0,0.018417,1.065,0.20915,8
KXALBUMSALES-WUT-55000,0.0,0.0,0.0,0.0,0.0,0.0,1.0,0.0,7
KXALBUMSALES-FAL-10000,0.031915,0.043011,0.043011,0.263636,0.0,0.009758,1.2059,0.064078,11
KXRANKLISTSONGBBH100-26FEB14-FAT,0.0,0.0,0.0,0.0,0.0,0.0,1.0,0.0,7
KXCPICOMBO-26JAN-0024,-0.012048,0.822222,0.822222,1.821078,0.132075,0.138396,1.4748,0.739977,17
KXCPICOMBO-26JAN-0123,-0.243902,-0.173333,-0.173333,0.167033,0.243902,0.071498,1.4493,0.261194,14
KXDHSFUND-26FEB13,0.375,0.571429,0.571429,0.163158,0.2,0.153878,1.6362,0.904762,19
KXCPICOMBO-26JAN-0224,-0.068182,-0.068182,-0.163265,-0.542857,0.163265,0.034561,0.7352,0.174184,14
KXCPICOMBO-26JAN-0125,0.2,0.2,0.2,0.142857,0.0,0.053294,1.3986,0.197183,14
KXCPICOMBO-26JAN-01226,0.0,-0.125,-0.695652,-1.454076,0.730769,0.152997,0.3045,1.290566,18
KXDHSFUND-26FEB14,-0.142857,0.071429,0.034483,0.042312,0.142857,0.066159,1.652,0.349515,18
KXDHSFUND-26FEB15,-0.157895,-0.085714,-0.111111,0.191176,0.529412,0.342082,1.618,1.133333,17
KXDHSFUNDING-26FEB14,-0.25,0.0,-0.25,-0.031169,0.5,0.217147,1.3613,0.575342,21
KXDHSFUND-26FEB17,0.025,0.078947,0.108108,0.198246,0.157895,0.096187,1.7179,0.34116,19
KXNURSESTRIKE-26-FEB15,-0.057971,-0.133333,0.083333,0.295455,0.683333,0.608223,0.4799,1.600296,23
KXDHSFUND-26FEB16,0.0,0.264706,0.228571,0.220846,0.114286,0.075738,1.5932,0.766562,18
KXSCOTUSVRARELEASE-26FEB13,-0.333333,-0.333333,-0.333333,-0.038462,0.333333,0.095827,1.2964,0.342857,12
KXPOILIEVREOUT-26FEB15,0.0,0.0,0.0,0.0,0.0,0.0,1.0,0.0,12
KXVOTEBONDIIMPEACH-26-FEB13,0.0,0.0,0.0,0.0,0.0,0.0,1.0,0.0,7
KXNBAGAME-26FEB05GSWPHX-PHX,,,,,,,,,0
KXNBAGAME-26FEB05GSWPHX-GSW,,,,,,,,,0
KXNBAGAME-26FEB05PHILAL-LAL,,,,,,,,,0
KXNBAGAME-26FEB05PHILAL-PHI,,,,,,,,,0
KXNHLGAME-26FEB05LAVGK-VGK,,,,,,,,,0
KXNCAAMBGAME-26FEB05UCSBUCD-UCSB,,,,,,,,,0
KXNCAAMBGAME-26FEB05UCSBUCD-UCD,,,,,,,,,0
KXNHLGAME-26FEB05LAVGK-LA,,,,,,,,,0
KXNBAGAME-26FEB05SASDAL-SAS,,,,,,,,,0
KXNBASPREAD-26FEB05SASDAL-DAL10,,,,,,,,,0
KXNBAGAME-26FEB05CHAHOU-CHA,,,,,,,,,0
KXNBAGAME-26FEB05CHAHOU-HOU,,,,,,,,,0
KXNCAAMBSPREAD-26FEB05MEMUAB-UAB16,,,,,,,,,0
KXNBASPREAD-26FEB05PHILAL-PHI11,,,,,,,,,0
KXNBASPREAD-26FEB05GSWPHX-GSW9,,,,,,,,,0
KXNBASPREAD-26FEB05PHILAL-LAL19,,,,,,,,,0
KXNBASPREAD-26FEB05GSWPHX-PHX21,,,,,,,,,0
KXNBAGAME-26FEB05SASDAL-DAL,,,,,,,,,0
KXNCAAWBGAME-26FEB05LSUTEX-LSU,,,,,,,,,0
KXNCAAWBGAME-26FEB05LSUTEX-TEX,,,,,,,,,0
KXNBASPREAD-26FEB05GSWPHX-PHX6,,,,,,,,,0
KXNCAAMBSPREAD-26FEB05MEMUAB-UAB13,,,,,,,,,0
KXNCAAWBGAME-26FEB05OSUWASH-OSU,,,,,,,,,0
KXNCAAWBGAME-26FEB05OSUWASH-WASH,,,,,,,,,0
KXNBASPREAD-26FEB05SASDAL-DAL7,,,,,,,,,0
KXNBASPREAD-26FEB05PHILAL-PHI8,,,,,,,,,0
KXNBASPREAD-26FEB05PHILAL-LAL16,,,,,,,,,0
KXNBASPREAD-26FEB05GSWPHX-GSW6,,,,,,,,,0
KXNBASPREAD-26FEB05GSWPHX-PHX18,,,,,,,,,0
KXNBASPREAD-26FEB05SASDAL-SAS20,,,,,,,,,0
KXNCAAMBGAME-26FEB05MEMUAB-MEM,,,,,,,,,0
KXNCAAMBGAME-26FEB05MEMUAB-UAB,,,,,,,,,0
KXNBASPREAD-26FEB05PHILAL-LAL1,,,,,,,,,0
KXNCAAMBGAME-26FEB05CSNCP-CSN,,,,,,,,,0
KXNCAAMBGAME-26FEB05CSNCP-CP,,,,,,,,,0
KXNBASPREAD-26FEB05PHILAL-LAL4,,,,,,,,,0
KXNBASPREAD-26FEB05GSWPHX-PHX3,,,,,,,,,0
KXNCAAMBSPREAD-26FEB05MEMUAB-UAB10,,,,,,,,,0
KXNBASPREAD-26FEB05PHILAL-PHI2,,,,,,,,,0
KXNBASPREAD-26FEB05PHILAL-LAL7,,,,,,,,,0
KXNBASPREAD-26FEB05GSWPHX-PHX9,,,,,,,,,0
KXNBASPREAD-26FEB05PHILAL-LAL10,,,,,,,,,0
KXNBASPREAD-26FEB05GSWPHX-PHX12,,,,,,,,,0
KXNCAAMBGAME-26FEB05OSUMD-OSU,,,,,,,,,0
KXNCAAMBGAME-26FEB05OSUMD-MD,,,,,,,,,0
KXNCAAMBGAME-26FEB05UCRVCSF-UCRV,,,,,,,,,0
KXNCAAMBGAME-26FEB05UCRVCSF-CSF,,,,,,,,,0
KXNCAAMBSPREAD-26FEB05IDHOMTST-IDHO12,,,,,,,,,0
KXNCAAMBGAME-26FEB06LCHIDAV-LCHI,,,,,,,,,0
KXNCAAMBGAME-26FEB06LCHIDAV-DAV,,,,,,,,,0
KXNCAAMBSPREAD-26FEB05MEMUAB-UAB7,,,,,,,,,0
KXNBASPREAD-26FEB05SASDAL-DAL4,,,,,,,,,0
KXNBATOTAL-26FEB05GSWPHX-214,,,,,,,,,0
KXNBATOTAL-26FEB05PHILAL-235,,,,,,,,,0
KXNBASPREAD-26FEB05PHILAL-LAL13,,,,,,,,,0
KXNBASPREAD-26FEB05PHILAL-PHI5,,,,,,,,,0
KXNBASPREAD-26FEB05GSWPHX-PHX15,,,,,,,,,0
KXNBASPREAD-26FEB05GSWPHX-GSW3,,,,,,,,,0
KXNCAAMBSPREAD-26FEB05UNCOWEB-UNCO16,,,,,,,,,0
KXNBATOTAL-26FEB05SASDAL-212,,,,,,,,,0
KXNCAAMBGAME-26JAN29SFPACHS-SFPA,-0.916667,-0.977273,-0.978261,-1.485036,0.978723,0.261622,1.4379,1.452804,18
KXNCAAMBGAME-26JAN29SFPACHS-CHS,0.11236,0.677966,0.8,1.486068,0.067797,0.101139,1.4959,0.903285,18
KXNBATOTAL-26FEB05PHILAL-217,,,,,,,,,0
KXNCAAMBSPREAD-26FEB05UNCOWEB-WEB14,,,,,,,,,0
KXNBATOTAL-26FEB05SASDAL-209,,,,,,,,,0
KXNBATOTAL-26FEB05SASDAL-215,,,,,,,,,0
KXNBATOTAL-26FEB05GSWPHX-235,,,,,,,,,0
KXNCAAMBSPREAD-26FEB05NAUIDST-NAU7,,,,,,,,,0
KXNBATOTAL-26FEB05SASDAL-218,,,,,,,,,0
KXNBATOTAL-26FEB05PHILAL-247,,,,,,,,,0
KXNBATOTAL-26FEB05GSWPHX-232,,,,,,,,,0
KXNBATOTAL-26FEB05SASDAL-221,,,,,,,,,0
KXNCAAMBSPREAD-26FEB05JVSTWKU-JVST9,,,,,,,,,0
KXNCAAMBSPREAD-26FEB05TARLCBU-TARL2,,,,,,,,,0
KXNBATOTAL-26FEB05SASDAL-224,,,,,,,,,0
KXNBATOTAL-26FEB05SASDAL-227,,,,,,,,,0
KXNCAAWBGAME-26JAN31ARSTGASO-ARST,0.166667,0.0,0.02439,-0.254902,0.142857,0.060812,1.6253,0.147399,17
KXNCAAMBSPREAD-26FEB05EWUMONT-MONT21,,,,,,,,,0
KXNBATOTAL-26FEB05PHILAL-244,,,,,,,,,0
KXNBATOTAL-26FEB05SASDAL-230,,,,,,,,,0
KXNBATOTAL-26FEB05GSWPHX-217,,,,,,,,,0
KXNBAGAME-26FEB05CHITOR-TOR,,,,,,,,,0
KXNBAGAME-26FEB05CHITOR-CHI,,,,,,,,,0
KXNCAAWBGAME-26FEB05MISSALA-ALA,,,,,,,,,0
KXNCAAWBGAME-26FEB05MISSALA-MISS,,,,,,,,,0
KXNCAAWBGAME-26JAN31ARSTGASO-GASO,0.27451,-0.015152,0.0,0.301471,0.227273,0.108799,1.3353,0.24024,16
KXNCAAMBTOTAL-26FEB05LBSUUCSD-129,,,,,,,,,0
KXNBATOTAL-26FEB05PHILAL-232,,,,,,,,,0
KXNBATOTAL-26FEB05SASDAL-233,,,,,,,,,0
KXNBATOTAL-26FEB05PHILAL-238,,,,,,,,,0
KXNCAAMBSPREAD-26FEB05UCSBUCD-UCD10,,,,,,,,,0
KXNBATOTAL-26FEB05PHILAL-229,,,,,,,,,0
KXNCAAMBSPREAD-26FEB05MEMUAB-UAB4,,,,,,,,,0
KXNBATOTAL-26FEB05GSWPHX-220,,,,,,,,,0
KXNBATOTAL-26FEB05GSWPHX-211,,,,,,,,,0
KXNCAAMBTOTAL-26FEB05JVSTWKU-124,,,,,,,,,0
KXNCAAMBSPREAD-26FEB05LBSUUCSD-UCSD21,,,,,,,,,0
KXNCAAMBSPREAD-26FEB05CSNCP-CSN13,,,,,,,,,0
KXNCAAMBTOTAL-26FEB05IDHOMTST-132,,,,,,,,,0
KXNCAAMBTOTAL-26FEB05CSNCP-192,,,,,,,,,0
KXNCAAMBSPREAD-26FEB05EWUMONT-EWU6,,,,,,,,,0
KXNCAAMBTOTAL-26FEB05MEMUAB-136,,,,,,,,,0
KXNCAAMBSPREAD-26FEB05UNCOWEB-UNCO13,,,,,,,,,0
KXNBATOTAL-26FEB05PHILAL-226,,,,,,,,,0
KXNBATOTAL-26FEB05GSWPHX-223,,,,,,,,,0
KXNCAAMBTOTAL-26FEB05CSNCP-189,,,,,,,,,0
KXNCAAMBSPREAD-26FEB05TARLCBU-CBU10,,,,,,,,,0
KXNCAAMBSPREAD-26FEB05LBSUUCSD-UCSD9,,,,,,,,,0
KXNCAAWBGAME-26FEB05LMUSMC-SMC,,,,,,,,,0
KXNCAAMBSPREAD-26FEB05CSNCP-CSN1,,,,,,,,,0
KXNCAAWBGAME-26FEB05LMUSMC-LMU,,,,,,,,,0
KXNCAAMBSPREAD-26FEB05UNCOWEB-WEB11,,,,,,,,,0
KXNCAAMBTOTAL-26FEB05CSBUCI-145,,,,,,,,,0
KXNCAAMBTOTAL-26FEB05CSBUCI-142,,,,,,,,,0
KXNCAAMBTOTAL-26FEB05UCRVCSF-155,,,,,,,,,0
KXNCAAMBTOTAL-26FEB05TARLCBU-138,,,,,,,,,0
KXNCAAMBTOTAL-26FEB05TARLCBU-141,,,,,,,,,0
KXNCAAMBTOTAL-26FEB05NAUIDST-128,,,,,,,,,0
KXNCAAMBTOTAL-26FEB05CSNCP-177,,,,,,,,,0
KXNCAAMBTOTAL-26FEB05LBSUUCSD-144,,,,,,,,,0
KXNCAAMBSPREAD-26FEB05JVSTWKU-JVST6,,,,,,,,,0
KXNCAAMBTOTAL-26FEB05UNCOWEB-147,,,,,,,,,0
KXNCAAMBSPREAD-26FEB05IDHOMTST-MTST15,,,,,,,,,0
KXNCAAMBTOTAL-26FEB05LBSUUCSD-141,,,,,,,,,0
KXNCAAMBSPREAD-26FEB05NAUIDST-NAU4,,,,,,,,,0
KXNCAAMBTOTAL-26FEB05LBSUUCSD-147,,,,,,,,,0
KXNCAAMBTOTAL-26FEB05CSBUCI-148,,,,,,,,,0
KXNCAAMBTOTAL-26FEB05TARLCBU-144,,,,,,,,,0
KXNCAAMBTOTAL-26FEB05CSNCP-174,,,,,,,,,0
KXNCAAMBTOTAL-26FEB05CSNCP-180,,,,,,,,,0
KXNCAAMBTOTAL-26FEB05UCRVCSF-158,,,,,,,,,0
KXNCAAMBTOTAL-26FEB05UCRVCSF-152,,,,,,,,,0
KXNCAAMBTOTAL-26FEB05MEMUAB-166,,,,,,,,,0
KXNCAAMBTOTAL-26FEB05MEMUAB-168,,,,,,,,,0
KXNCAAMBTOTAL-26FEB05JVSTWKU-127,,,,,,,,,0
KXNCAAMBTOTAL-26FEB05CSNCP-171,,,,,,,,,0
KXNCAAMBTOTAL-26FEB05IDHOMTST-162,,,,,,,,,0
KXNCAAMBTOTAL-26FEB05EWUMONT-166,,,,,,,,,0
KXNCAAMBSPREAD-26FEB05UCRVCSF-CSF3,,,,,,,,,0
KXNCAAMBSPREAD-26FEB05CSBUCI-UCI19,,,,,,,,,0
KXNCAAMBTOTAL-26FEB05IDHOMTST-135,,,,,,,,,0
KXNCAAMBGAME-26FEB05EWUMONT-MONT,,,,,,,,,0
KXNCAAMBGAME-26FEB05EWUMONT-EWU,,,,,,,,,0
KXNCAAMBTOTAL-26FEB05EWUMONT-139,,,,,,,,,0
KXNCAAMBSPREAD-26FEB05CSBUCI-UCI13,,,,,,,,,0
KXNBATOTAL-26FEB05GSWPHX-226,,,,,,,,,0
KXNBATOTAL-26FEB05SASDAL-236,,,,,,,,,0
KXNCAAWBGAME-26FEB01MERETSU-ETSU,0.174603,-0.063291,-0.075,-0.570691,0.222222,0.096192,1.6806,0.231594,18
KXNBASPREAD-26FEB05SASDAL-SAS17,,,,,,,,,0
KXNCAAMBSPREAD-26FEB05CSNCP-CSN4,,,,,,,,,0
KXNCAAMBSPREAD-26FEB05UCRVCSF-CSF9,,,,,,,,,0
KXNCAAWBGAME-26FEB01MERETSU-MER,0.0,0.545455,-0.055556,-0.378741,0.416667,0.241428,1.4401,0.474517,18
KXNCAAMBTOTAL-26FEB05UCRVCSF-161,,,,,,,,,0
KXNCAAMBSPREAD-26FEB05LBSUUCSD-UCSD12,,,,,,,,,0
KXNCAAMBSPREAD-26FEB05LBSUUCSD-UCSD6,,,,,,,,,0
KXNCAAMBTOTAL-26FEB05CSNCP-183,,,,,,,,,0
KXNCAAMBSPREAD-26FEB05TARLCBU-CBU7,,,,,,,,,0
KXNCAAMBSPREAD-26FEB05TARLCBU-CBU13,,,,,,,,,0
KXNCAAMBGAME-26FEB05LBSUUCSD-UCSD,,,,,,,,,0
KXNCAAMBGAME-26FEB05LBSUUCSD-LBSU,,,,,,,,,0
KXNCAAMBTOTAL-26FEB05LBSUUCSD-150,,,,,,,,,0
KXNBAGAME-26FEB05UTAATL-ATL,,,,,,,,,0
KXNCAAMBSPREAD-26FEB05LBSUUCSD-UCSD15,,,,,,,,,0
KXNCAAMBSPREAD-26FEB05LBSUUCSD-UCSD3,,,,,,,,,0
KXNCAAMBSPREAD-26FEB05TARLCBU-CBU16,,,,,,,,,0
KXNBAGAME-26FEB05UTAATL-UTA,,,,,,,,,0
KXNCAAMBSPREAD-26FEB05CSBUCI-UCI10,,,,,,,,,0
KXNCAAMBSPREAD-26FEB05TARLCBU-CBU4,,,,,,,,,0
KXNCAAMBSPREAD-26FEB05CSNCP-CP2,,,,,,,,,0
KXNCAAMBSPREAD-26FEB05MEMUAB-UAB1,,,,,,,,,0
KXNCAAMBGAME-26FEB05TARLCBU-CBU,,,,,,,,,0
KXNCAAWBGAME-26FEB06NESTON-NE,,,,,,,,,0
KXNCAAMBSPREAD-26FEB05CSBUCI-UCI22,,,,,,,,,0
KXNCAAMBSPREAD-26FEB05CSBUCI-UCI16,,,,,,,,,0
KXNCAAMBGAME-26FEB05TARLCBU-TARL,,,,,,,,,0
KXNCAAMBSPREAD-26FEB05UCRVCSF-CSF6,,,,,,,,,0
KXNCAAMBTOTAL-26FEB05UCRVCSF-149,,,,,,,,,0
KXNCAAMBTOTAL-26FEB05LBSUUCSD-138,,,,,,,,,0
KXNCAAMBTOTAL-26FEB05CSBUCI-139,,,,,,,,,0
KXNCAAMBTOTAL-26FEB05TARLCBU-135,,,,,,,,,0
KXNCAAMBSPREAD-26FEB05CSNCP-CP8,,,,,,,,,0
KXNCAAMBSPREAD-26FEB05CSBUCI-UCI7,,,,,,,,,0
KXNCAAMBSPREAD-26FEB05CSNCP-CP5,,,,,,,,,0
KXNBASPREAD-26FEB05SASDAL-DAL1,,,,,,,,,0
KXNCAAMBGAME-26FEB05CSBUCI-CSB,,,,,,,,,0
KXNCAAMBGAME-26FEB05CSBUCI-UCI,,,,,,,,,0
KXNBASPREAD-26FEB05SASDAL-SAS14,,,,,,,,,0
KXNCAAMBSPREAD-26FEB05UCSBUCD-UCD7,,,,,,,,,0
KXNBATOTAL-26FEB05GSWPHX-205,,,,,,,,,0
KXNCAAWBGAME-26FEB06HAMPDREX-HAMP,,,,,,,,,0
KXNCAAMBTOTAL-26FEB05CSNCP-168,,,,,,,,,0
KXNCAAWBGAME-26FEB06HAMPDREX-DREX,,,,,,,,,0
KXNCAAMBSPREAD-26FEB05IDHOMTST-IDHO6,,,,,,,,,0
KXNBATOTAL-26FEB05PHILAL-220,,,,,,,,,0
KXNCAAMBSPREAD-26FEB05LBSUUCSD-UCSD18,,,,,,,,,0
KXNCAAMBSPREAD-26FEB05CSNCP-CSN10,,,,,,,,,0
KXNCAAMBSPREAD-26FEB05EWUMONT-EWU3,,,,,,,,,0
KXNBASPREAD-26FEB05SASDAL-SAS11,,,,,,,,,0
KXNCAAWBGAME-26FEB05ORSTGONZ-ORST,,,,,,,,,0
KXNCAAWBGAME-26FEB05ORSTGONZ-GONZ,,,,,,,,,0
KXNBASPREAD-26FEB05SASDAL-SAS8,,,,,,,,,0
KXNBATOTAL-26FEB05GSWPHX-208,,,,,,,,,0
KXNBATOTAL-26FEB05PHILAL-223,,,,,,,,,0
KXNBATOTAL-26FEB05GSWPHX-229,,,,,,,,,0
KXNBASPREAD-26FEB05SASDAL-SAS2,,,,,,,,,0
KXNCAAWBGAME-26FEB05FSUNCST-FSU,,,,,,,,,0
KXNCAAWBGAME-26FEB05FSUNCST-NCST,,,,,,,,,0
KXNBASPREAD-26FEB05SASDAL-SAS5,,,,,,,,,0
KXNBATOTAL-26FEB05PHILAL-241,,,,,,,,,0
KXNCAAMBTOTAL-26FEB05CSBUCI-133,,,,,,,,,0
KXNCAAWBGAME-26FEB05USCNW-NW,,,,,,,,,0
KXNCAAWBGAME-26FEB05USCNW-USC,,,,,,,,,0
KXNCAAMBGAME-26FEB05NAUIDST-IDST,,,,,,,,,0
KXNCAAWBGAME-26FEB05NDSUUMKC-NDSU,,,,,,,,,0
KXNCAAWBGAME-26FEB05NDSUUMKC-UMKC,,,,,,,,,0
KXNCAAMBGAME-26FEB05NAUIDST-NAU,,,,,,,,,0
KXNCAAMBTOTAL-26FEB05CSNCP-186,,,,,,,,,0
KXNBATOTAL-26FEB05SASDAL-239,,,,,,,,,0
KXNCAAMBGAME-26FEB05JVSTWKU-WKU,,,,,,,,,0
KXNCAAMBTOTAL-26FEB05UCRVCSF-146,,,,,,,,,0
KXNCAAMBGAME-26FEB05JVSTWKU-JVST,,,,,,,,,0
KXNCAAMBTOTAL-26FEB05TARLCBU-132,,,,,,,,,0
KXNCAAMBTOTAL-26FEB05MEMUAB-142,,,,,,,,,0
KXNCAAMBTOTAL-26FEB05MEMUAB-163,,,,,,,,,0
KXNCAAMBGAME-26FEB05IDHOMTST-IDHO,,,,,,,,,0
KXNHLSPREAD-26FEB05LAVGK-VGK1,,,,,,,,,0
KXNCAAMBGAME-26FEB05IDHOMTST-MTST,,,,,,,,,0
KXNCAAMBSPREAD-26FEB05TARLCBU-CBU1,,,,,,,,,0
KXNCAAMBSPREAD-26FEB05UNCOWEB-UNCO10,,,,,,,,,0
KXNCAAMBSPREAD-26FEB05NAUIDST-NAU1,,,,,,,,,0
KXNCAAMBTOTAL-26FEB05UNCOWEB-150,,,,,,,,,0
KXNHLSPREAD-26FEB05LAVGK-VGK2,,,,,,,,,0
KXNCAAMBTOTAL-26FEB05UCSBUCD-136,,,,,,,,,0
KXNHLSPREAD-26FEB05LAVGK-LA2,,,,,,,,,0
KXNCAAMBSPREAD-26FEB05IDHOMTST-MTST12,,,,,,,,,0
KXNCAAMBSPREAD-26FEB05UNCOWEB-WEB8,,,,,,,,,0
KXNCAAMBTOTAL-26FEB05UCSBUCD-157,,,,,,,,,0
KXNCAAMBSPREAD-26FEB05NAUIDST-IDST17,,,,,,,,,0
KXNCAAMBSPREAD-26FEB05UCSBUCD-UCSB11,,,,,,,,,0
KXNCAAMBSPREAD-26FEB05JVSTWKU-JVST3,,,,,,,,,0
KXNCAAWBGAME-26FEB05SFSEA-SEA,,,,,,,,,0
KXNCAAWBGAME-26FEB05SFSEA-SF,,,,,,,,,0
KXNHLSPREAD-26FEB05LAVGK-LA1,,,,,,,,,0
KXNFLOT-26FEB08SEANE-OT,,,,,,,,,0
KXNCAAWBGAME-26FEB05UCICSB-UCI,,,,,,,,,0
KXNCAAWBGAME-26FEB05UCICSB-CSB,,,,,,,,,0
KXNHLPTS-26FEB05FLATB-FLABMARCHAND63-1,,,,,,,,,0
KXNHLTOTAL-26FEB05LAVGK-5,,,,,,,,,0
KXNHLTOTAL-26FEB05LAVGK-6,,,,,,,,,0
KXNHLGOAL-26FEB05FLATB-FLABMARCHAND63,,,,,,,,,0
KXNHLTOTAL-26FEB05LAVGK-7,,,,,,,,,0
KXNHLFIRSTGOAL-26FEB05NSHWSH-WSHSMILANO15,,,,,,,,,0
KXNHLTOTAL-26FEB05LAVGK-3,,,,,,,,,0
KXEPLGAME-26FEB06LEENFO-NFO,,,,,,,,,0
KXNHLTOTAL-26FEB05LAVGK-4,,,,,,,,,0
KXLALIGAGAME-26FEB06RCCOSA-RCC,,,,,,,,,0
KXEPLGAME-26FEB06LEENFO-LEE,,,,,,,,,0
KXATPCHALLENGERMATCH-26FEB05BOLUCH-UCH,,,,,,,,,0
KXEPLGAME-26FEB06LEENFO-TIE,,,,,,,,,0
KXNHLFIRSTGOAL-26FEB05FLATB-FLAERODRIGUES17,,,,,,,,,0
KXATPCHALLENGERMATCH-26FEB05BOLUCH-BOL,,,,,,,,,0
KXNCAAMBGAME-26FEB05UTAUTU-UTA,,,,,,,,,0
KXNCAAMBGAME-26FEB05UTAUTU-UTU,,,,,,,,,0
KXLIGUE1GAME-26FEB06FCMLIL-LIL,,,,,,,,,0
KXNCAAMBGAME-26FEB05UNCOWEB-WEB,,,,,,,,,0
KXNCAAMBGAME-26FEB05EIUTNST-EIU,,,,,,,,,0
KXSERIEAGAME-26FEB06VERPIS-VER,,,,,,,,,0
KXNCAAMBGAME-26FEB05NEOMUND-UND,,,,,,,,,0
KXNCAAMBGAME-26FEB05NEOMUND-NEOM,,,,,,,,,0
KXSERIEAGAME-26FEB06VERPIS-PIS,,,,,,,,,0
KXNCAAMBGAME-26FEB05EIUTNST-TNST,,,,,,,,,0
KXNCAAMBGAME-26FEB05DENNDSU-NDSU,,,,,,,,,0
KXWTAMATCH-26FEB06BEJTAU-TAU,,,,,,,,,0
KXNCAAMBGAME-26FEB05UNCOWEB-UNCO,,,,,,,,,0
KXLALIGAGAME-26FEB06RCCOSA-OSA,,,,,,,,,0
KXCS2TOTALMAPS-26FEB01NRGMOUZ-3,,,,,,,,,0
KXSERIEAGAME-26FEB06VERPIS-TIE,,,,,,,,,0
KXBUNDESLIGAGAME-26FEB06UNISGE-SGE,,,,,,,,,0
KXLIGUE1GAME-26FEB06FCMLIL-FCM,,,,,,,,,0
KXLALIGAGAME-26FEB06RCCOSA-TIE,,,,,,,,,0
KXNCAAMBSPREAD-26FEB05OSUMD-OSU13,,,,,,,,,0
KXBUNDESLIGAGAME-26FEB06UNISGE-TIE,,,,,,,,,0
KXNCAAMBGAME-26FEB05DENNDSU-DEN,,,,,,,,,0
KXBUNDESLIGAGAME-26FEB06UNISGE-UNI,,,,,,,,,0
KXWTAMATCH-26FEB06CIRSNI-CIR,,,,,,,,,0
KXNCAAMBSPREAD-26FEB05MEMUAB-MEM11,,,,,,,,,0
KXLIGUE1GAME-26FEB06FCMLIL-TIE,,,,,,,,,0
KXNCAAMBSPREAD-26FEB05OSUMD-OSU19,,,,,,,,,0
KXEUROLEAGUEGAME-26FEB06ZALEFS-EFS,,,,,,,,,0
KXATPCHALLENGERMATCH-26FEB05ELLMCC-MCC,,,,,,,,,0
KXNCAAMBSPREAD-26FEB05ACUVU-UVU19,,,,,,,,,0
KXNCAAMBSPREAD-26FEB05MEMUAB-MEM8,,,,,,,,,0
KXWTAMATCH-26FEB06BAPALE-ALE,,,,,,,,,0
KXEUROLEAGUEGAME-26FEB06VIBOPI-VIB,,,,,,,,,0
KXWTAMATCH-26FEB06SASGRA-SAS,,,,,,,,,0
KXNCAAMBSPREAD-26FEB05MEMUAB-MEM2,,,,,,,,,0
KXEUROLEAGUEGAME-26FEB06OLMASV-OLM,,,,,,,,,0
KXWTAMATCH-26FEB06KARWAL-KAR,,,,,,,,,0
KXNCAAMBGAME-26FEB05MORESEMO-MORE,,,,,,,,,0
KXEUROLEAGUEGAME-26FEB06FCBBVG-BVG,,,,,,,,,0
KXNCAAMBSPREAD-26FEB05IDHOMTST-MTST6,,,,,,,,,0
KXWTAMATCH-26FEB06ZAKGRA-ZAK,,,,,,,,,0
KXNCAAMBSPREAD-26FEB05MEMUAB-MEM5,,,,,,,,,0
KXNCAAMBSPREAD-26FEB05IDHOMTST-MTST9,,,,,,,,,0
KXWTAMATCH-26FEB06RADOLI-RAD,,,,,,,,,0
KXNCAAMBGAME-26FEB05USIUTM-USI,,,,,,,,,0
KXEUROLEAGUEGAME-26FEB06ZALEFS-ZAL,,,,,,,,,0
KXNCAAMBSPREAD-26FEB05IDHOMTST-MTST3,,,,,,,,,0
KXEUROLEAGUEGAME-26FEB06OLMASV-ASV,,,,,,,,,0
KXWTAMATCH-26FEB06FRECEN-FRE,,,,,,,,,0
KXLOLGAME-26FEB06BRODRX-BRO,,,,,,,,,0
KXEUROLEAGUEGAME-26FEB06FCBBVG-FCB,,,,,,,,,0
KXWTAMATCH-26FEB06KAWSEI-SEI,,,,,,,,,0
KXEUROLEAGUEGAME-26FEB06MTACZV-MTA,,,,,,,,,0
KXEUROLEAGUEGAME-26FEB06MTACZV-CZV,,,,,,,,,0
KXLOLGAME-26FEB06WBIG-WB,,,,,,,,,0
KXNCAAMBSPREAD-26FEB05MEMUAB-MEM14,,,,,,,,,0
KXWTAMATCH-26FEB06COCGOR-COC,,,,,,,,,0
KXWTAMATCH-26FEB06ZVOZHA-ZHA,,,,,,,,,0
KXNCAAMBSPREAD-26FEB05NEOMUND-NEOM2,,,,,,,,,0
KXNCAAMBSPREAD-26FEB05UCSBUCD-UCD1,,,,,,,,,0
KXNCAAMBSPREAD-26FEB05UCSBUCD-UCD4,,,,,,,,,0
KXLOLGAME-26FEB06WBIG-IG,,,,,,,,,0
KXNCAAMBSPREAD-26FEB05OSUMD-OSU10,,,,,,,,,0
KXKBLGAME-26FEB06PHOKNI-KNI,,,,,,,,,0
KXNCAAMBSPREAD-26FEB05UCSBUCD-UCSB2,,,,,,,,,0
KXNCAAMBSPREAD-26FEB05UCSBUCD-UCSB5,,,,,,,,,0
KXNCAAMBSPREAD-26FEB05NEOMUND-NEOM5,,,,,,,,,0
KXNCAAMBSPREAD-26FEB05NEOMUND-UND1,,,,,,,,,0
KXNCAAMBGAME-26FEB05LINWUALR-LINW,,,,,,,,,0
KXWTAMATCH-26FEB06BEJTAU-BEJ,,,,,,,,,0
KXEUROLEAGUEGAME-26FEB06VIBOPI-OPI,,,,,,,,,0
KXNBLGAME-26FEB06BRITAS-BRI,,,,,,,,,0
KXCS2GAME-26FEB06MOUZG2-G2,,,,,,,,,0
KXLOLGAME-26FEB06BRODRX-DRX,,,,,,,,,0
KXLOLGAME-26FEB06BLGAL-BLG,,,,,,,,,0
KXCS2GAME-26FEB06MOUZG2-MOUZ,,,,,,,,,0
KXATPMATCH-26FEB06MANGEA-GEA,,,,,,,,,0
KXBUNDESLIGATOTAL-26FEB06UNISGE-1,,,,,,,,,0
KXATPCHALLENGERMATCH-26FEB06BARTRA-TRA,,,,,,,,,0
KXNCAAMBGAME-26FEB05LINWUALR-UALR,,,,,,,,,0
KXNBLGAME-26FEB06CARPER-CAR,,,,,,,,,0
KXCS2GAME-26FEB06FURIAAUR-AUR,,,,,,,,,0
KXWTAMATCH-26FEB06VALROD-VAL,,,,,,,,,0
KXCS2GAME-26FEB06FURIAAUR-FURIA,,,,,,,,,0
KXNCAAMBSPREAD-26FEB05OSUMD-OSU7,,,,,,,,,0
KXSCOTTISHPREMGAME-26FEB04DUNMOT-MOT,-0.1875,-0.071429,-0.071429,0.026471,0.1875,0.073478,1.3058,0.211765,16
KXEFLCHAMPIONSHIPGAME-26FEB06CHAQPR-TIE,,,,,,,,,0
KXKBLGAME-26FEB06PHOKNI-PHO,,,,,,,,,0
KXNCAAMBSPREAD-26FEB05OSUMD-OSU16,,,,,,,,,0
KXNCAAMBGAME-26FEB05WIUTNTC-WIU,,,,,,,,,0
KXNBLGAME-26FEB06BRITAS-TAS,,,,,,,,,0
KXNCAAMBSPREAD-26FEB05OSUMD-OSU22,,,,,,,,,0
KXNBASPREAD-26FEB05CHAHOU-CHA3,,,,,,,,,0
KXNCAAMBSPREAD-26FEB05OSUMD-OSU1,,,,,,,,,0
KXSERIEATOTAL-26FEB06VERPIS-2,,,,,,,,,0
KXEFLCHAMPIONSHIPGAME-26FEB06CHAQPR-QPR,,,,,,,,,0
KXWTAMATCH-26FEB06RUZSTA-RUZ,,,,,,,,,0
KXATPCHALLENGERMATCH-26FEB05LADEL-LA,,,,,,,,,0
KXSERIEATOTAL-26FEB06VERPIS-1,,,,,,,,,0
KXNCAAMBSPREAD-26FEB05UCSBUCD-UCSB8,,,,,,,,,0
KXNBASPREAD-26FEB05CHAHOU-CHA12,,,,,,,,,0
KXATPMATCH-26FEB06DAMNAR-DAM,,,,,,,,,0
KXSCOTTISHPREMGAME-26FEB04DUNMOT-TIE,0.0,0.0,-0.029412,-0.122378,0.029412,0.008455,0.0,0.149626,12
KXNCAAMBSPREAD-26FEB05NEOMUND-UND4,,,,,,,,,0
KXBUNDESLIGATOTAL-26FEB06UNISGE-2,,,,,,,,,0
KXNCAAMBSPREAD-26FEB05UNCOWEB-WEB5,,,,,,,,,0
KXNCAAMBSPREAD-26FEB05UNCOWEB-WEB2,,,,,,,,,0
KXNCAAMBSPREAD-26FEB05UTAUTU-UTA8,,,,,,,,,0
KXATPMATCH-26FEB06MANGEA-MAN,,,,,,,,,0
KXNCAAMBSPREAD-26FEB05UTAUTU-UTA5,,,,,,,,,0
KXNCAAMBSPREAD-26FEB05UTAUTU-UTU1,,,,,,,,,0
KXNCAAMBSPREAD-26FEB05UTAUTU-UTU4,,,,,,,,,0
KXNBA3PT-26FEB05SASDAL-DALCFLAGG32-1,,,,,,,,,0
KXNCAAMBSPREAD-26FEB05UNCOWEB-UNCO4,,,,,,,,,0
KXNCAAMBSPREAD-26FEB05UNCOWEB-UNCO1,,,,,,,,,0
KXNCAAMBSPREAD-26FEB05UTAUTU-UTA2,,,,,,,,,0
KXNCAAMBSPREAD-26FEB05UNCOWEB-UNCO7,,,,,,,,,0
KXEREDIVISIEGAME-26FEB06BREEXC-EXC,,,,,,,,,0
KXNCAAMBGAME-26FEB05MORESEMO-SEMO,,,,,,,,,0
KXNCAAMBSPREAD-26FEB05MORESEMO-SEMO14,,,,,,,,,0
KXWTAMATCH-26FEB06UCHSRA-SRA,,,,,,,,,0
KXNCAAMBSPREAD-26FEB05NAUIDST-IDST2,,,,,,,,,0
KXEFLCHAMPIONSHIPGAME-26FEB06CHAQPR-CHA,,,,,,,,,0
KXLALIGATOTAL-26FEB06RCCOSA-2,,,,,,,,,0
KXNCAAMBSPREAD-26FEB05JVSTWKU-WKU6,,,,,,,,,0
KXNCAAMBSPREAD-26FEB05JVSTWKU-WKU3,,,,,,,,,0
KXWTAMATCH-26FEB06ZARBIR-BIR,,,,,,,,,0
KXATPCHALLENGERMATCH-26FEB05SAKSCH-SAK,,,,,,,,,0
KXNCAAMBSPREAD-26FEB05EWUMONT-MONT9,,,,,,,,,0
KXWTAMATCH-26FEB06MASPAR-MAS,,,,,,,,,0
KXNCAAMBSPREAD-26FEB05EWUMONT-MONT6,,,,,,,,,0
KXNCAAMBSPREAD-26FEB05EWUMONT-MONT3,,,,,,,,,0
KXLALIGATOTAL-26FEB06RCCOSA-1,,,,,,,,,0
KXNCAAMBSPREAD-26FEB05WIUTNTC-TNTC14,,,,,,,,,0
KXEPLTOTAL-26FEB06LEENFO-2,,,,,,,,,0
KXNCAAMBSPREAD-26FEB05USIUTM-UTM17,,,,,,,,,0
KXNCAAMBSPREAD-26FEB05USIUTM-UTM23,,,,,,,,,0
KXNCAAMBSPREAD-26FEB05MORESEMO-SEMO2,,,,,,,,,0
KXNCAAMBSPREAD-26FEB05WIUTNTC-TNTC17,,,,,,,,,0
KXNCAAMBSPREAD-26FEB05USIUTM-UTM20,,,,,,,,,0
KXNCAAMBSPREAD-26FEB05USIUTM-UTM11,,,,,,,,,0
KXNCAAMBSPREAD-26FEB05WIUTNTC-TNTC20,,,,,,,,,0
KXNCAAMBGAME-26FEB05USIUTM-UTM,,,,,,,,,0
KXNCAAMBSPREAD-26FEB05WIUTNTC-TNTC23,,,,,,,,,0
KXNCAAMBSPREAD-26FEB05WIUTNTC-TNTC8,,,,,,,,,0
KXNCAAMBSPREAD-26FEB05CITSAM-SAM16,,,,,,,,,0
KXNCAAMBSPREAD-26FEB05USIUTM-UTM14,,,,,,,,,0
KXNCAAMBSPREAD-26FEB05ACUVU-UVU22,,,,,,,,,0
KXSCOTTISHPREMGAME-26FEB04DUNMOT-DUN,0.0,0.0,0.0,0.0,0.0,0.0,1.0,0.047619,13
KXNCAAMBGAME-26FEB05WIUTNTC-TNTC,,,,,,,,,0
KXNCAAMBSPREAD-26FEB05ACUVU-UVU25,,,,,,,,,0
KXNCAAMBSPREAD-26FEB05CITSAM-SAM10,,,,,,,,,0
KXATPMATCH-26FEB06GRIDRO-GRI,,,,,,,,,0
KXNBASPREAD-26FEB05CHAHOU-CHA6,,,,,,,,,0
KXWTAMATCH-26FEB06BAPALE-BAP,,,,,,,,,0
KXEPLTOTAL-26FEB06LEENFO-1,,,,,,,,,0
KXATPCHALLENGERMATCH-26FEB05LADEL-DEL,,,,,,,,,0
KXATPCHALLENGERMATCH-26FEB05ELLMCC-ELL,,,,,,,,,0
KXLALIGASPREAD-26FEB06RCCOSA-RCC1,,,,,,,,,0
KXSAUDIPLGAME-26FEB06NEORIY-RIY,,,,,,,,,0
KXWTAMATCH-26FEB06UCHSRA-UCH,,,,,,,,,0
KXNBASPREAD-26FEB05CHAHOU-CHA9,,,,,,,,,0
KXLIGUE1TOTAL-26FEB06FCMLIL-3,,,,,,,,,0
KXWTAMATCH-26FEB06RADOLI-OLI,,,,,,,,,0
KXATPMATCH-26FEB06AUGFIL-AUG,,,,,,,,,0
KXNCAAMBTOTAL-26FEB05OSUMD-151,,,,,,,,,0
KXSERIEATOTAL-26FEB06VERPIS-3,,,,,,,,,0
KXATPCHALLENGERMATCH-26FEB05SAKSCH-SCH,,,,,,,,,0
KXWTAMATCH-26FEB06ZAKGRA-GRA,,,,,,,,,0
KXBUNDESLIGABTTS-26FEB06UNISGE,,,,,,,,,0
KXATPMATCH-26FEB06AUGFIL-FIL,,,,,,,,,0
KXWTAMATCH-26FEB06CIRSNI-SNI,,,,,,,,,0
KXLALIGATOTAL-26FEB06RCCOSA-3,,,,,,,,,0
KXNBASPREAD-26FEB05CHITOR-TOR17,,,,,,,,,0
KXLIGUE1TOTAL-26FEB06FCMLIL-2,,,,,,,,,0
KXNBAALLSTARS-26-RWES,0.0,3.0,3.0,0.335664,0.0,0.862439,1.2964,1.5,12
KXATPMATCH-26FEB06DAMNAR-NAR,,,,,,,,,0
KXATPMATCH-26FEB06GRIDRO-DRO,,,,,,,,,0
KXATPCHALLENGERMATCH-26FEB05UGODIA-DIA,,,,,,,,,0
KXNCAAMBTOTAL-26FEB05OSUMD-154,,,,,,,,,0
KXSAUDIPLGAME-26FEB06NEORIY-NEO,,,,,,,,,0
KXWTAMATCH-26FEB06SASGRA-GRA,,,,,,,,,0
KXSERIEASPREAD-26FEB06VERPIS-VER1,,,,,,,,,0
KXLOLGAME-26FEB06BLGAL-AL,,,,,,,,,0
KXWTAMATCH-26FEB06ZARBIR-ZAR,,,,,,,,,0
KXLIGUE1SPREAD-26FEB06FCMLIL-LIL1,,,,,,,,,0
KXWTAMATCH-26FEB06RUZSTA-STA,,,,,,,,,0
KXALEAGUEGAME-26FEB06WPHVIC-VIC,,,,,,,,,0
KXEREDIVISIEGAME-26FEB06BREEXC-TIE,,,,,,,,,0
KXWTAMATCH-26FEB06FRECEN-CEN,,,,,,,,,0
KXWTAMATCH-26FEB06MASPAR-PAR,,,,,,,,,0
KXNCAAMBGAME-26FEB05ELONHAMP-ELON,,,,,,,,,0
KXWTAMATCH-26FEB06KAWSEI-KAW,,,,,,,,,0
KXSERIEATOTAL-26FEB06VERPIS-4,,,,,,,,,0
KXSERIEABTTS-26FEB06VERPIS,,,,,,,,,0
KXNHLGAME-26FEB05NSHWSH-NSH,,,,,,,,,0
KXALEAGUEGAME-26FEB06MACPER-TIE,,,,,,,,,0
KXEPLTOTAL-26FEB06LEENFO-3,,,,,,,,,0
KXSAUDIPLGAME-26FEB06ALNITJ-ITJ,,,,,,,,,0
KXWTAMATCH-26FEB06VOLBOU-BOU,,,,,,,,,0
KXLALIGABTTS-26FEB06RCCOSA,,,,,,,,,0
KXNBLGAME-26FEB06CARPER-PER,,,,,,,,,0
KXALEAGUEGAME-26FEB06WPHVIC-WPH,,,,,,,,,0
KXWTAMATCH-26FEB06KARWAL-WAL,,,,,,,,,0
KXALEAGUEGAME-26FEB06WPHVIC-TIE,,,,,,,,,0
KXSERIEASPREAD-26FEB06VERPIS-VER2,,,,,,,,,0
KXNBAPTS-26FEB05SASDAL-DALCFLAGG32-20,,,,,,,,,0
KXEPLBTTS-26FEB06LEENFO,,,,,,,,,0
KXWTAMATCH-26FEB06HONOSO-HON,,,,,,,,,0
KXWTAMATCH-26FEB06COCGOR-GOR,,,,,,,,,0
KXWTAMATCH-26FEB06HONOSO-OSO,,,,,,,,,0
KXNCAAMBSPREAD-26FEB05NEOMUND-NEOM11,,,,,,,,,0
KXWTAMATCH-26FEB06PARKOR-PAR,,,,,,,,,0
KXNBAPTS-26FEB05SASDAL-DALCFLAGG32-25,,,,,,,,,0
KXNCAAMBSPREAD-26FEB05NEOMUND-UND7,,,,,,,,,0
KXNBAPTS-26FEB05SASDAL-SASDFOX4-15,,,,,,,,,0
KXNBAPTS-26FEB05SASDAL-SASVWEMBANYAMA1-25,,,,,,,,,0
KXNBA3PT-26FEB05SASDAL-DALCFLAGG32-2,,,,,,,,,0
KXNCAAMBTOTAL-26FEB05OSUMD-148,,,,,,,,,0
KXNBAPTS-26FEB05SASDAL-SASSCASTLE5-15,,,,,,,,,0
KXNBAPTS-26FEB05SASDAL-SASVWEMBANYAMA1-35,,,,,,,,,0
KXATPCHALLENGERMATCH-26FEB05UGODIA-UGO,,,,,,,,,0
KXNBAPTS-26FEB05SASDAL-SASSCASTLE5-25,,,,,,,,,0
KXNBAPTS-26FEB05SASDAL-SASSCASTLE5-20,,,,,,,,,0
KXNBAPTS-26FEB05SASDAL-DALCFLAGG32-30,,,,,,,,,0
KXNBAPTS-26FEB05CHAHOU-CHAMBRIDGES0-20,,,,,,,,,0
KXNBAPTS-26FEB05CHAHOU-HOUASENGUN28-15,,,,,,,,,0
KXWTAMATCH-26FEB06ZVOZHA-ZVO,,,,,,,,,0
KXNBAPTS-26FEB05CHAHOU-CHAKKNUEPPEL7-30,,,,,,,,,0
KXSAUDIPLGAME-26FEB06ALNITJ-TIE,,,,,,,,,0
KXSERIEASPREAD-26FEB06VERPIS-PIS2,,,,,,,,,0
KXALEAGUEGAME-26FEB06MACPER-MAC,,,,,,,,,0
KXBUNDESLIGASPREAD-26FEB06UNISGE-UNI1,,,,,,,,,0
KXALEAGUEGAME-26FEB06MACPER-PER,,,,,,,,,0
KXSAUDIPLGAME-26FEB06NEORIY-TIE,,,,,,,,,0
KXATPCHALLENGERMATCH-26FEB06BARTRA-BAR,,,,,,,,,0
KXBELGIANPLGAME-26FEB06WESSTT-TIE,,,,,,,,,0
KXATPCHALLENGERMATCH-26FEB05HEWSWE-SWE,,,,,,,,,0
KXNCAAWBGAME-26FEB05UCSDLBSU-LBSU,,,,,,,,,0
KXWTACHALLENGERMATCH-26FEB06TAGSEM-TAG,,,,,,,,,0
KXWTAMATCH-26FEB06VALROD-ROD,,,,,,,,,0
KXSAUDIPLGAME-26FEB06ITTDAM-ITT,,,,,,,,,0
KXSAUDIPLGAME-26FEB06ALNITJ-ALN,,,,,,,,,0
KXLIGUE1BTTS-26FEB06FCMLIL,,,,,,,,,0
KXBELGIANPLGAME-26FEB06WESSTT-WES,,,,,,,,,0
KXATPCHALLENGERMATCH-26FEB05HEWSWE-HEW,,,,,,,,,0
KXWTAMATCH-26FEB06VOLBOU-VOL,,,,,,,,,0
KXDENSUPERLIGAGAME-26FEB06AGFOBK-OBK,0.0,-0.947368,-0.974359,-1.888235,0.979167,0.40045,1.4833,2.942149,16
KXNBASPREAD-26FEB05CHAHOU-HOU3,,,,,,,,,0
KXNCAAMBSPREAD-26FEB05ACUVU-UVU16,,,,,,,,,0
KXNCAAMBSPREAD-26FEB05OSUMD-MD2,,,,,,,,,0
KXNCAAMBSPREAD-26FEB05ACUVU-UVU13,,,,,,,,,0
KXEPLSPREAD-26FEB06LEENFO-LEE1,,,,,,,,,0
KXSAUDIPLGAME-26FEB06ITTDAM-TIE,,,,,,,,,0
KXHOLEINONE-26-WM-1,,,,,,,,,0
KXNCAAMBSPREAD-26FEB05WIUTNTC-TNTC2,,,,,,,,,0
KXWTAMATCH-26FEB06PARKOR-KOR,,,,,,,,,0
KXNCAAMBSPREAD-26FEB05DENNDSU-NDSU5,,,,,,,,,0
KXNBATOTAL-26FEB05CHAHOU-232,,,,,,,,,0
KXNCAAMBSPREAD-26FEB05USIUTM-UTM5,,,,,,,,,0
KXNCAAMBSPREAD-26FEB05USIUTM-UTM8,,,,,,,,,0
KXNCAAMBSPREAD-26FEB05ACUVU-UVU7,,,,,,,,,0
KXEPLSPREAD-26FEB06LEENFO-LEE2,,,,,,,,,0
KXNCAAMBSPREAD-26FEB05USIUTM-UTM2,,,,,,,,,0
KXNCAAMBSPREAD-26FEB05MORESEMO-MORE1,,,,,,,,,0
KXWTACHALLENGERMATCH-26FEB06SAWPRO-SAW,,,,,,,,,0
KXNCAAMBSPREAD-26FEB05NEOMUND-UND10,,,,,,,,,0
KXNCAAMBSPREAD-26FEB05MORESEMO-MORE4,,,,,,,,,0
KXNCAAMBSPREAD-26FEB05WIUTNTC-WIU7,,,,,,,,,0
KXNCAAMBSPREAD-26FEB05CITSAM-SAM4,,,,,,,,,0
KXEPLSPREAD-26FEB06LEENFO-NFO1,,,,,,,,,0
KXNBAPTS-26FEB05PHILAL-PHIVEDGECOMBE77-15,,,,,,,,,0
KXWTACHALLENGERMATCH-26FEB06JEATAR-JEA,,,,,,,,,0
KXATPCHALLENGERMATCH-26FEB06MORMER-MER,,,,,,,,,0
KXNBAPTS-26FEB05PHILAL-LALAREAVES15-15,,,,,,,,,0
KXNBAALLSTARS-26-FWAG,0.0,0.0,0.0,0.0,0.0,0.0,1.0,0.0,10
KXSAUDIPLGAME-26FEB06ITTDAM-DAM,,,,,,,,,0
KXNBAALLSTARS-26-BING,0.0,0.0,0.0,0.0,0.0,0.0,1.0,0.0,6
KXEKSTRAKLASAGAME-26FEB06KORZAG-ZAG,,,,,,,,,0
KXLOLGAME-26FEB06MVKTSW-MVK,,,,,,,,,0
KXNBAALLSTARS-26-BADE,0.0,0.0,0.0,-0.0,0.0,0.0,1.0,0.0,5
KXNBAALLSTARS-26-ASEN,,,,,,,,,0
KXVALORANTGAME-26FEB06EGNV-NV,,,,,,,,,0
KXWTACHALLENGERMATCH-26FEB06SAWPRO-PRO,,,,,,,,,0
KXNBAALLSTARS-26-KKNU,0.0,0.0,0.0,0.0,0.0,0.0,1.0,0.0,10
KXWTACHALLENGERMATCH-26FEB06YAMTIA-TIA,,,,,,,,,0
KXNBAALLSTARS-26-SCAS,0.090909,0.2,0.2,0.127273,0.0,0.038236,1.1788,0.19469,11
KXNBAALLSTARS-26-SSHA,0.0,0.0,0.0,-0.0,0.0,0.0,1.0,0.0,5
KXNBAALLSTARS-26-TYOU,0.0,0.0,0.0,0.0,0.0,0.0,1.0,0.0,11
KXWTACHALLENGERMATCH-26FEB06YAMTIA-YAM,,,,,,,,,0
KXNBAALLSTARS-26SDC-MMCC,0.0,-0.083333,-0.153846,-0.132867,0.153846,0.030935,1.0039,0.169014,12
KXHNLGAME-26FEB06LOKGOR-GOR,,,,,,,,,0
KXNBASPREAD-26FEB05CHAHOU-HOU6,,,,,,,,,0
KXBELGIANPLGAME-26FEB06WESSTT-STT,,,,,,,,,0
KXHNLGAME-26FEB06LOKGOR-TIE,,,,,,,,,0
KXATPCHALLENGERMATCH-26FEB06MORMER-MOR,,,,,,,,,0
KXLOLGAME-26FEB06DNFKT-KT,,,,,,,,,0
KXEFLCHAMPIONSHIPGAME-26FEB03PORIPS-IPS,0.0,0.0,0.0,0.0,0.0,0.0,1.0,0.125,15
KXLOLGAME-26FEB06GZCFO-CFO,,,,,,,,,0
KXWTACHALLENGERMATCH-26FEB06JEATAR-TAR,,,,,,,,,0
KXVALORANTGAME-26FEB06T1PR-PR,,,,,,,,,0
KXNCAAMBTOTAL-26FEB05OSUMD-139,,,,,,,,,0
KXVALORANTGAME-26FEB06BLGDRG-BLG,,,,,,,,,0
KXNBASPREAD-26FEB05CHITOR-TOR11,,,,,,,,,0
KXNBAALLSTARS-26-DBRO,0.0,0.0,0.0,0.0,0.0,0.0,1.0,0.0,10
KXNCAAWBGAME-26FEB05MTSTIDHO-IDHO,,,,,,,,,0
KXNCAAMBTOTAL-26FEB05OSUMD-136,,,,,,,,,0
KXNBASPREAD-26FEB05CHITOR-TOR14,,,,,,,,,0
KXVALORANTGAME-26FEB06T1PR-T1,,,,,,,,,0
KXNCAAMBTOTAL-26FEB05OSUMD-142,,,,,,,,,0
KXNCAAWBGAME-26FEB05WSUUSD-USD,,,,,,,,,0
KXNCAAWBGAME-26FEB05SCUPAC-SCU,,,,,,,,,0
KXCS2TOTALMAPS-26FEB06MOUZG2-3,,,,,,,,,0
KXNBAALLSTARS-26-JEMB,1.2,-0.78,0.0,2.567647,0.945652,1.371595,0.5016,3.445545,16
KXNCAAMBTOTAL-26FEB05OSUMD-163,,,,,,,,,0
KXDENSUPERLIGAGAME-26FEB06AGFOBK-AGF,0.042105,0.98,0.302632,-0.426471,0.618421,0.592883,1.5404,1.395093,17
KXLOLGAME-26FEB06DNFKT-DNF,,,,,,,,,0
KXVALORANTGAME-26FEB06GXTL-GX,,,,,,,,,0
KXJLEAGUEGAME-26FEB06KYOVIK-TIE,,,,,,,,,0
KXNBAPTS-26FEB05PHILAL-PHITMAXEY0-25,,,,,,,,,0
KXEKSTRAKLASAGAME-26FEB06KORZAG-KOR,,,,,,,,,0
KXWTACHALLENGERMATCH-26FEB06TAGSEM-SEM,,,,,,,,,0
KXNCAAMBGAME-26FEB05ACUVU-UVU,,,,,,,,,0
KXNCAAWBGAME-26FEB05WSUUSD-WSU,,,,,,,,,0
KXATPCHALLENGERMATCH-26FEB06UCHSCH-UCH,,,,,,,,,0
KXNCAAMBTOTAL-26FEB05MEMUAB-154,,,,,,,,,0
KXNCAAMBTOTAL-26FEB05OSUMD-160,,,,,,,,,0
KXATPCHALLENGERMATCH-26FEB06KOTREH-KOT,,,,,,,,,0
KXR6GAME-26FEB06G2FAZE-G2,,,,,,,,,0
KXNCAAWBGAME-26FEB05UCDUCSB-UCD,,,,,,,,,0
KXNCAAMBTOTAL-26FEB05OSUMD-157,,,,,,,,,0
KXEFLCHAMPIONSHIPGAME-26FEB03PORIPS-POR,0.052632,-0.2,0.0,0.250549,0.24,0.0971,0.9817,0.276316,14
KXCS2MAP-26FEB06MOUZG2-2-MOUZ,,,,,,,,,0
KXNCAAMBGAME-26FEB05ACUVU-AC,,,,,,,,,0
KXNCAAMBTOTAL-26FEB05OSUMD-166,,,,,,,,,0
KXNCAAMBSPREAD-26FEB05OSUMD-OSU4,,,,,,,,,0
KXLOLGAME-26FEB06MVKTSW-TSW,,,,,,,,,0
KXLOLMAP-26FEB06BRODRX-1-DRX,,,,,,,,,0
KXEFLCHAMPIONSHIPGAME-26FEB03PORIPS-TIE,0.173913,0.227273,0.227273,0.146429,0.0,0.045414,1.4011,0.223214,15
KXNBAPTS-26FEB05PHILAL-LALAREAVES15-10,,,,,,,,,0
KXNCAAMBTOTAL-26FEB05OSUMD-145,,,,,,,,,0
KXNCAAWBGAME-26FEB05CSFUCRV-CSF,,,,,,,,,0
KXVALORANTGAME-26FEB06EDGTYLOO-EDG,,,,,,,,,0
KXNBA2D-26FEB05PHILAL-LALLDONCIC77,,,,,,,,,0
KXATPCHALLENGERMATCH-26FEB06ROMDAL-ROM,,,,,,,,,0
KXVALORANTGAME-26FEB06NAVITH-NAVI,,,,,,,,,0
KXWTAMATCH-26FEB06BAPHUN-BAP,,,,,,,,,0
KXNBAALLSTARS-26-ADAV,0.0,0.0,0.0,0.0,0.0,0.0,1.0,0.0,11
KXWTAMATCH-26FEB06BAPHUN-HUN,,,,,,,,,0
KXCS2MAP-26FEB06MOUZG2-1-MOUZ,,,,,,,,,0
KXNHLTOTAL-26FEB05FLATB-5,,,,,,,,,0
KXNBAPTS-26FEB05PHILAL-LALLDONCIC77-25,,,,,,,,,0
KXNHLGAME-26FEB05NSHWSH-WSH,,,,,,,,,0
KXVALORANTGAME-26FEB06DFMFS-FS,,,,,,,,,0
KXNBATOTAL-26FEB05CHAHOU-223,,,,,,,,,0
KXNCAAWBGAME-26FEB05MONTEWU-MONT,,,,,,,,,0
KXR6GAME-26FEB06FLUSSG-FLU,,,,,,,,,0
KXVALORANTGAME-26FEB06DFMFS-DFM,,,,,,,,,0
KXCS2TOTALMAPS-26FEB06FURIAAUR-3,,,,,,,,,0
KXJLEAGUEGAME-26FEB06MARMAC-TIE,,,,,,,,,0
KXNCAAWBGAME-26FEB05CPCSN-CP,,,,,,,,,0
KXNBAAST-26FEB05PHILAL-PHIVEDGECOMBE77-4,,,,,,,,,0
KXNHLGAME-26FEB05PITBUF-BUF,,,,,,,,,0
KXJLEAGUEGAME-26FEB06VVNSAN-VVN,,,,,,,,,0
KXNCAAWBGAME-26FEB05LTUTEP-UTEP,,,,,,,,,0
KXLOLTOTALMAPS-26FEB06WBIG-3,,,,,,,,,0
KXNCAAWBGAME-26FEB05SCUPAC-PAC,,,,,,,,,0
KXNHLGAME-26FEB05FLATB-FLA,,,,,,,,,0
KXNCAAMBGAME-26FEB05ELONHAMP-HAMP,,,,,,,,,0
KXJOINMESSI-26-GALA,0.0,0.0,0.0,0.0,0.0,0.0,1.0,0.0,13
KXVALORANTGAME-26FEB06NAVITH-TH,,,,,,,,,0
KXNCAAWBGAME-26FEB05UCSDLBSU-UCSD,,,,,,,,,0
KXJLEAGUEGAME-26FEB06KYOVIK-KYO,,,,,,,,,0
KXNCAAMBTOTAL-26FEB05MEMUAB-157,,,,,,,,,0
KXNBAALLSTARS-26-JWIL,0.0,0.0,0.0,0.0,0.0,0.0,1.0,0.0,11
KXNBAAST-26FEB05GSWPHX-GSWDGREEN23-5,,,,,,,,,0
KXNBAREB-26FEB05PHILAL-LALLJAMES23-6,,,,,,,,,0
KXNBATOTAL-26FEB05CHAHOU-217,,,,,,,,,0
KXNBAPTS-26FEB05PHILAL-PHIVEDGECOMBE77-25,,,,,,,,,0
KXNCAAWBGAME-26FEB05SIUUIC-SIU,,,,,,,,,0
KXNBAPTS-26FEB05PHILAL-LALLJAMES23-20,,,,,,,,,0
KXNHLTOTAL-26FEB05FLATB-4,,,,,,,,,0
KXNBAPTS-26FEB05PHILAL-LALLDONCIC77-35,,,,,,,,,0
KXLIGUE1SPREAD-26FEB06FCMLIL-LIL2,,,,,,,,,0
KXVALORANTGAME-26FEB06EGNV-EG,,,,,,,,,0
KXNBAALLSTARS-26-JGID,0.0,0.0,0.0,0.0,0.0,0.0,1.0,0.0,10
KXNCAAWBGAME-26FEB05UCDUCSB-UCSB,,,,,,,,,0
KXNCAAWBGAME-26FEB05ALCNMVSU-MVSU,,,,,,,,,0
KXLALIGASPREAD-26FEB06RCCOSA-RCC2,,,,,,,,,0
KXNCAAWBGAME-26FEB05CBUTARL-TARL,,,,,,,,,0
KXLOLGAME-26FEB06GZCFO-GZ,,,,,,,,,0
KXJLEAGUEGAME-26FEB06MARMAC-MAC,,,,,,,,,0
KXJLEAGUEGAME-26FEB06MARMAC-MAR,,,,,,,,,0
KXATPCHALLENGERMATCH-26FEB06UCHSCH-SCH,,,,,,,,,0
KXNCAAWBGAME-26FEB05MTSTIDHO-MTST,,,,,,,,,0
KXEPLSPREAD-26FEB06LEENFO-NFO2,,,,,,,,,0
KXNCAAMBGAME-26FEB05CITSAM-CIT,,,,,,,,,0
KXWOCURLGAME-26FEB06USACAN-USA,,,,,,,,,0
KXNHLGAME-26FEB05FLATB-TB,,,,,,,,,0
KXJLEAGUEGAME-26FEB06KYOVIK-VIK,,,,,,,,,0
KXNBAPTS-26FEB05GSWPHX-GSWDGREEN23-10,,,,,,,,,0
KXR6GAME-26FEB06WCGFURIA-WCG,,,,,,,,,0
KXVALORANTGAME-26FEB06GXTL-TL,,,,,,,,,0
KXR6GAME-26FEB06DAYFLCS-DAY,,,,,,,,,0
KXATPCHALLENGERMATCH-26FEB06KOTREH-REH,,,,,,,,,0
KXNBAAST-26FEB05PHILAL-PHITMAXEY0-6,,,,,,,,,0
KXJLEAGUEGAME-26FEB06VVNSAN-TIE,,,,,,,,,0
KXR6GAME-26FEB06BDSR-BD,,,,,,,,,0
KXNBA3PT-26FEB05PHILAL-LALLJAMES23-1,,,,,,,,,0
KXNBAALLSTARS-26-JBUT,0.0,0.0,0.0,0.0,0.0,0.0,1.0,0.0,11
KXNCAAWBGAME-26FEB05CSFUCRV-UCRV,,,,,,,,,0
KXNBA3PT-26FEB05PHILAL-PHITMAXEY0-2,,,,,,,,,0
KXNBAPTS-26FEB05GSWPHX-GSWDGREEN23-15,,,,,,,,,0
KXJLEAGUEGAME-26FEB06VVNSAN-SAN,,,,,,,,,0
KXNCAAWBGAME-26FEB05WEBUNCO-WEB,,,,,,,,,0
KXNBA3PT-26FEB05PHILAL-LALLJAMES23-2,,,,,,,,,0
KXNCAAMBTOTAL-26FEB05IDHOMTST-141,,,,,,,,,0
KXNCAAMBTOTAL-26FEB05UNCOWEB-156,,,,,,,,,0
KXNHLGAME-26FEB05PITBUF-PIT,,,,,,,,,0
KXLOLTOTALMAPS-26FEB06BLGAL-3,,,,,,,,,0
KXNCAAMBTOTAL-26FEB05UNCOWEB-162,,,,,,,,,0
KXNCAAMBTOTAL-26FEB05IDHOMTST-138,,,,,,,,,0
KXNBAAST-26FEB05PHILAL-PHIVEDGECOMBE77-2,,,,,,,,,0
KXNCAAMBTOTAL-26FEB05UNCOWEB-159,,,,,,,,,0
KXNCAAMBTOTAL-26FEB05UNCOWEB-165,,,,,,,,,0
KXNCAAWBGAME-26FEB05CPCSN-CSN,,,,,,,,,0
KXNCAAMBTOTAL-26FEB05UNCOWEB-153,,,,,,,,,0
KXNCAAMBTOTAL-26FEB05IDHOMTST-144,,,,,,,,,0
KXNBA3PT-26FEB05PHILAL-PHITMAXEY0-4,,,,,,,,,0
KXLOLMAP-26FEB06BRODRX-2-DRX,,,,,,,,,0
KXNCAAMBTOTAL-26FEB05IDHOMTST-147,,,,,,,,,0
KXNCAAMBTOTAL-26FEB05UNCOWEB-168,,,,,,,,,0
KXVALORANTGAME-26FEB06BLGDRG-DRG,,,,,,,,,0
KXNCAAWBGAME-26FEB05SHSUNMSU-NMSU,,,,,,,,,0
KXNCAAWBGAME-26FEB05MONTEWU-EWU,,,,,,,,,0
KXNBATOTAL-26FEB05CHAHOU-229,,,,,,,,,0
KXNBAPTS-26FEB05PHILAL-LALLJAMES23-15,,,,,,,,,0
KXNBAAST-26FEB05GSWPHX-GSWDGREEN23-2,,,,,,,,,0
KXNCAAWBGAME-26FEB05IDSTNAU-NAU,,,,,,,,,0
KXR6GAME-26FEB06HERETICSWBG-HERETICS,,,,,,,,,0
KXSCOTTISHPREMGAME-26FEB04ABECEL-CEL,,,,,,,,,0
KXNCAAWBGAME-26FEB05SDAKDEN-DEN,,,,,,,,,0
KXNBATOTAL-26FEB05CHAHOU-220,,,,,,,,,0
KXR6GAME-26FEB06FXM80-FX,,,,,,,,,0
KXATPCHALLENGERMATCH-26FEB06ROMDAL-DAL,,,,,,,,,0
KXNBAREB-26FEB05GSWPHX-GSWDGREEN23-10,,,,,,,,,0
KXNBA2D-26FEB05PHILAL-PHITMAXEY0,,,,,,,,,0
KXCS2MAP-26FEB06FURIAAUR-2-FURIA,,,,,,,,,0
KXNCAAWBGAME-26FEB05SHSUNMSU-SHSU,,,,,,,,,0
KXR6MAP-26FEB06G2FAZE-2-FAZE,,,,,,,,,0
KXNBABLK-26FEB05GSWPHX-GSWDGREEN23-1,,,,,,,,,0
KXNBAREB-26FEB05GSWPHX-GSWDGREEN23-8,,,,,,,,,0
KXVALORANTMAP-26FEB06DFMFS-1-DFM,,,,,,,,,0
KXLALIGASPREAD-26FEB06RCCOSA-OSA1,,,,,,,,,0
KXNCAAMBTOTAL-26FEB05MEMUAB-160,,,,,,,,,0
KXNBAPTS-26FEB05PHILAL-LALAREAVES15-25,,,,,,,,,0
KXNBA3PT-26FEB05PHILAL-LALAREAVES15-2,,,,,,,,,0
KXNCAAWBGAME-26FEB05UTUUTA-UTU,,,,,,,,,0
KXNCAAMBTOTAL-26FEB05EIUTNST-133,,,,,,,,,0
KXNCAAMBTOTAL-26FEB05EIUTNST-151,,,,,,,,,0
KXNBAPTS-26FEB05PHILAL-LALAREAVES15-20,,,,,,,,,0
KXNBA3PT-26FEB05PHILAL-PHIVEDGECOMBE77-2,,,,,,,,,0
KXNCAAMBTOTAL-26FEB05EIUTNST-148,,,,,,,,,0
KXLOLTOTALMAPS-26FEB06DNFKT-3,,,,,,,,,0
KXNBASPREAD-26FEB05CHITOR-TOR20,,,,,,,,,0
KXNCAAMBTOTAL-26FEB05MEMUAB-145,,,,,,,,,0
KXNCAAMBTOTAL-26FEB05EIUTNST-154,,,,,,,,,0
KXNBAREB-26FEB05PHILAL-LALLDONCIC77-8,,,,,,,,,0
KXNBAPTS-26FEB05PHILAL-PHITMAXEY0-20,,,,,,,,,0
KXNCAAMBTOTAL-26FEB05EIUTNST-142,,,,,,,,,0
KXWOCURLGAME-26FEB06SWEGBR-SWE,,,,,,,,,0
KXNCAAMBTOTAL-26FEB05MEMUAB-151,,,,,,,,,0
KXNBAAST-26FEB05GSWPHX-GSWDGREEN23-8,,,,,,,,,0
KXNCAAMBTOTAL-26FEB05EIUTNST-145,,,,,,,,,0
KXNCAAMBTOTAL-26FEB05EIUTNST-130,,,,,,,,,0
KXNCAAWBGAME-26FEB05UTUUTA-UTA,,,,,,,,,0
KXNCAAMBTOTAL-26FEB05EIUTNST-136,,,,,,,,,0
KXR6MAP-26FEB06HERETICSWBG-2-HERETICS,,,,,,,,,0
KXNBAREB-26FEB05PHILAL-LALLJAMES23-4,,,,,,,,,0
KXNBAREB-26FEB05GSWPHX-GSWDGREEN23-6,,,,,,,,,0
KXNCAAWBGAME-26FEB05IDSTNAU-IDST,,,,,,,,,0
KXNBAPTS-26FEB05PHILAL-LALLJAMES23-25,,,,,,,,,0
KXNBAAST-26FEB05GSWPHX-GSWDGREEN23-4,,,,,,,,,0
KXNCAAMBTOTAL-26FEB05EIUTNST-139,,,,,,,,,0
KXR6GAME-26FEB06FLUSSG-SSG,,,,,,,,,0
KXNBATOTAL-26FEB05CHAHOU-211,,,,,,,,,0
KXNCAAWBGAME-26FEB05SIUUIC-UIC,,,,,,,,,0
KXNBASPREAD-26FEB05CHITOR-TOR8,,,,,,,,,0
KXNBAPTS-26FEB05PHILAL-PHIVEDGECOMBE77-10,,,,,,,,,0
KXNBAAST-26FEB05GSWPHX-GSWDGREEN23-6,,,,,,,,,0
KXNBA3PT-26FEB05PHILAL-LALLDONCIC77-3,,,,,,,,,0
KXWOCURLGAME-26FEB06SWENOR-SWE,,,,,,,,,0
KXNCAAMBTOTAL-26FEB05MEMUAB-148,,,,,,,,,0
KXNBAAST-26FEB05PHILAL-PHITMAXEY0-8,,,,,,,,,0
KXNBAAST-26FEB05PHILAL-PHITMAXEY0-7,,,,,,,,,0
KXNHLTOTAL-26FEB05PITBUF-6,,,,,,,,,0
KXNBAAST-26FEB05PHILAL-LALLJAMES23-7,,,,,,,,,0
KXLOLTOTALMAPS-26FEB06BRODRX-3,,,,,,,,,0
KXNCAAMBSPREAD-26FEB05EIUTNST-TNST13,,,,,,,,,0
KXWOCURLGAME-26FEB06USACAN-CAN,,,,,,,,,0
KXNCAAMBTOTAL-26FEB05NAUIDST-143,,,,,,,,,0
KXNCAAMBTOTAL-26FEB05NAUIDST-146,,,,,,,,,0
KXNCAAMBTOTAL-26FEB05NAUIDST-137,,,,,,,,,0
KXCS2MAP-26FEB06FURIAAUR-1-FURIA,,,,,,,,,0
KXNBAAST-26FEB05PHILAL-LALAREAVES15-4,,,,,,,,,0
KXNBAPTS-26FEB05PHILAL-PHIVEDGECOMBE77-20,,,,,,,,,0
KXNCAAWBGAME-26FEB05LTUTEP-LT,,,,,,,,,0
KXNCAAMBSPREAD-26FEB05EIUTNST-TNST1,,,,,,,,,0
KXNCAAMBTOTAL-26FEB05NAUIDST-140,,,,,,,,,0
KXCS2MAP-26FEB06FURIAAUR-2-AUR,,,,,,,,,0
KXNHLTOTAL-26FEB05FLATB-7,,,,,,,,,0
KXVALORANTGAME-26FEB06EDGTYLOO-TYLOO,,,,,,,,,0
KXNBAREB-26FEB05GSWPHX-GSWDGREEN23-7,,,,,,,,,0
KXNCAAMBSPREAD-26FEB05EIUTNST-TNST4,,,,,,,,,0
KXNCAAMBGAME-26FEB05CITSAM-SAM,,,,,,,,,0
KXNBAPTS-26FEB05PHILAL-PHITMAXEY0-35,,,,,,,,,0
KXLOLMAP-26FEB06GZCFO-1-GZ,,,,,,,,,0
KXNCAAMBTOTAL-26FEB05WIUTNTC-157,,,,,,,,,0
KXSCOTTISHPREMGAME-26FEB04ABECEL-ABE,,,,,,,,,0
KXR6MAP-26FEB06FXM80-2-FX,,,,,,,,,0
KXNCAAMBSPREAD-26FEB05EIUTNST-TNST7,,,,,,,,,0
KXNBA3PT-26FEB05PHILAL-PHIVEDGECOMBE77-1,,,,,,,,,0
KXSCOTTISHPREMGAME-26FEB04ABECEL-TIE,,,,,,,,,0
KXNBA2D-26FEB05GSWPHX-GSWDGREEN23,,,,,,,,,0
KXR6MAP-26FEB06FXM80-1-FX,,,,,,,,,0
KXNBATOTAL-26FEB05CHAHOU-226,,,,,,,,,0
KXNBA3PT-26FEB05PHILAL-PHITMAXEY0-3,,,,,,,,,0
KXNCAAMBTOTAL-26FEB05NAUIDST-134,,,,,,,,,0
KXNFLCELEBRITYGAME-26-LCOW,,,,,,,,,0
KXNCAAMBSPREAD-26FEB05EIUTNST-TNST16,,,,,,,,,0
KXBUNDESLIGASPREAD-26FEB06UNISGE-SGE2,,,,,,,,,0
KXNCAAMBSPREAD-26FEB05UTAUTU-UTU7,,,,,,,,,0
KXNFLCELEBRITYGAME-26-BRAN,,,,,,,,,0
KXNFLCELEBRITYGAME-26-STEI,,,,,,,,,0
KXR6GAME-26FEB06BDSR-SR,,,,,,,,,0
KXNCAAWBGAME-26FEB05ALCNMVSU-ALCN,,,,,,,,,0
KXNCAAMBTOTAL-26FEB05NEOMUND-143,,,,,,,,,0
KXR6GAME-26FEB06WCGFURIA-FURIA,,,,,,,,,0
KXLOLMAP-26FEB06BRODRX-2-BRO,,,,,,,,,0
KXNFLCELEBRITYGAME-26-BOOK,,,,,,,,,0
KXNFLCELEBRITYGAME-26-FELI,,,,,,,,,0
KXNCAAMBSPREAD-26FEB05EIUTNST-TNST10,,,,,,,,,0
KXNBAPTS-26FEB05GSWPHX-GSWDGREEN23-20,,,,,,,,,0
KXNCAAMBSPREAD-26FEB05MORESEMO-SEMO8,,,,,,,,,0
KXNBAAST-26FEB05PHILAL-PHIVEDGECOMBE77-6,,,,,,,,,0
KXNBASPREAD-26FEB05CHITOR-TOR5,,,,,,,,,0
KXR6GAME-26FEB06OXGEP-EP,,,,,,,,,0
KXNBA2D-26FEB05PHILAL-PHIVEDGECOMBE77,,,,,,,,,0
KXCS2MAP-26FEB06MOUZG2-1-G2,,,,,,,,,0
KXLOLMAP-26FEB06GZCFO-2-GZ,,,,,,,,,0
KXNBAPTS-26FEB05PHILAL-LALLJAMES23-30,,,,,,,,,0
KXR6GAME-26FEB06G2FAZE-FAZE,,,,,,,,,0
KXR6MAP-26FEB06DAYFLCS-1-DAY,,,,,,,,,0
KXNBASPREAD-26FEB05CHITOR-TOR2,,,,,,,,,0
KXNBAREB-26FEB05GSWPHX-GSWDGREEN23-12,,,,,,,,,0
KXNHLTOTAL-26FEB05NSHWSH-6,,,,,,,,,0
KXLOLTOTALMAPS-26FEB06MVKTSW-3,,,,,,,,,0
KXWOCURLGAME-26FEB06SWEGBR-GBR,,,,,,,,,0
KXR6MAP-26FEB06DAYFLCS-2-FLCS,,,,,,,,,0
KXNBA3D-26FEB05PHILAL-LALLDONCIC77,,,,,,,,,0
KXLOLMAP-26FEB06MVKTSW-1-MVK,,,,,,,,,0
KXLOLMAP-26FEB06MVKTSW-2-MVK,,,,,,,,,0
KXNBAAST-26FEB05PHILAL-LALLDONCIC77-6,,,,,,,,,0
KXNBAPTS-26FEB05PHILAL-LALLDONCIC77-40,,,,,,,,,0
KXR6MAP-26FEB06DAYFLCS-2-DAY,,,,,,,,,0
KXNBABLK-26FEB05PHILAL-LALLJAMES23-1,,,,,,,,,0
KXNBATOTAL-26FEB05UTAATL-249,,,,,,,,,0
KXNBAAST-26FEB05PHILAL-LALLJAMES23-6,,,,,,,,,0
KXNBATOTAL-26FEB05CHAHOU-208,,,,,,,,,0
KXNBATOTAL-26FEB05CHAHOU-214,,,,,,,,,0
KXNBAPTS-26FEB05PHILAL-LALLDONCIC77-30,,,,,,,,,0
KXNBATOTAL-26FEB05UTAATL-252,,,,,,,,,0
KXNBATOTAL-26FEB05UTAATL-240,,,,,,,,,0
KXNBASPREAD-26FEB05CHITOR-TOR23,,,,,,,,,0
KXATPCHALLENGERMATCH-26FEB06FELBRA-BRA,,,,,,,,,0
KXEKSTRAKLASAGAME-26JAN30RADARK-RAD,0.0,0.0,0.0,0.0,0.0,0.0,1.0,0.0,7
KXNCAAMBTOTAL-26FEB05WIUTNTC-154,,,,,,,,,0
KXNCAAMBTOTAL-26FEB05UTAUTU-142,,,,,,,,,0
KXNBASPREAD-26FEB05UTAATL-ATL10,,,,,,,,,0
KXR6GAME-26FEB06HERETICSWBG-WBG,,,,,,,,,0
KXNBAAST-26FEB05PHILAL-LALAREAVES15-2,,,,,,,,,0
KXNBAPTS-26FEB05PHILAL-PHITMAXEY0-30,,,,,,,,,0
KXNCAAMBTOTAL-26FEB05UTAUTU-136,,,,,,,,,0
KXR6GAME-26FEB06DAYFLCS-FLCS,,,,,,,,,0
KXNBA3PT-26FEB05PHILAL-LALAREAVES15-1,,,,,,,,,0
KXNBA3PT-26FEB05PHILAL-LALLDONCIC77-4,,,,,,,,,0
KXNBAAST-26FEB05PHILAL-LALAREAVES15-6,,,,,,,,,0
KXNCAAMBTOTAL-26FEB05MORESEMO-152,,,,,,,,,0
KXNBAREB-26FEB05PHILAL-LALLJAMES23-10,,,,,,,,,0
KXEKSTRAKLASAGAME-26JAN30RADARK-TIE,0.0,0.0,0.0,0.0,0.0,0.0,1.0,0.0,7
KXNBASPREAD-26FEB05CHITOR-CHI4,,,,,,,,,0
KXNBA3PT-26FEB05PHILAL-PHIVEDGECOMBE77-4,,,,,,,,,0
KXNCAAMBTOTAL-26FEB05MORESEMO-140,,,,,,,,,0
KXNCAAMBTOTAL-26FEB05MORESEMO-146,,,,,,,,,0
KXWOCURLGAME-26FEB06ITACHE-ITA,,,,,,,,,0
KXNBA3PT-26FEB05PHILAL-LALLJAMES23-3,,,,,,,,,0
KXNCAAMBTOTAL-26FEB05MORESEMO-137,,,,,,,,,0
KXNCAAMBTOTAL-26FEB05MORESEMO-134,,,,,,,,,0
KXNCAAWBGAME-26FEB05WEBUNCO-UNCO,,,,,,,,,0
KXVALORANTMAP-26FEB06EGNV-1-NV,,,,,,,,,0
KXNCAAMBTOTAL-26FEB05UTAUTU-154,,,,,,,,,0
KXNCAAMBTOTAL-26FEB05MORESEMO-143,,,,,,,,,0
KXNBATOTAL-26FEB05UTAATL-246,,,,,,,,,0
KXNBAAST-26FEB05PHILAL-LALLJAMES23-10,,,,,,,,,0
KXVALORANTMAP-26FEB06T1PR-2-T1,,,,,,,,,0
KXNCAAMBTOTAL-26FEB05UTAUTU-145,,,,,,,,,0
KXNBAAST-26FEB05PHILAL-LALLDONCIC77-8,,,,,,,,,0
KXNBAREB-26FEB05PHILAL-LALLDONCIC77-10,,,,,,,,,0
KXNBA3PT-26FEB05PHILAL-LALAREAVES15-3,,,,,,,,,0
KXNBASPREAD-26FEB05CHITOR-CHI1,,,,,,,,,0
KXCS2MAP-26FEB06FURIAAUR-1-AUR,,,,,,,,,0
KXNBASPREAD-26FEB05CHITOR-CHI7,,,,,,,,,0
KXNBAREB-26FEB05PHILAL-LALLDONCIC77-12,,,,,,,,,0
KXNBA3PT-26FEB05PHILAL-PHIVEDGECOMBE77-3,,,,,,,,,0
KXVALORANTMAP-26FEB06T1PR-1-T1,,,,,,,,,0
KXNCAAMBSPREAD-26FEB05NAUIDST-IDST8,,,,,,,,,0
KXR6GAME-26FEB06FXM80-M80,,,,,,,,,0
KXNBA2D-26FEB05PHILAL-LALLJAMES23,,,,,,,,,0
KXNHLGOAL-26FEB05LAVGK-VGKJEICHEL9,,,,,,,,,0
KXNHLGOAL-26FEB05LAVGK-LAAKEMPE9,,,,,,,,,0
KXNBATOTAL-26FEB05UTAATL-243,,,,,,,,,0
KXNCAAMBTOTAL-26FEB05NEOMUND-140,,,,,,,,,0
KXNBA3PT-26FEB05PHILAL-LALLDONCIC77-2,,,,,,,,,0
KXNCAAMBTOTAL-26FEB05NEOMUND-149,,,,,,,,,0
KXNBAREB-26FEB05PHILAL-LALLJAMES23-8,,,,,,,,,0
KXNCAAMBSPREAD-26FEB05NAUIDST-IDST5,,,,,,,,,0
KXNCAAMBTOTAL-26FEB05NEOMUND-137,,,,,,,,,0
KXWOCURLGAME-26FEB06CZEUSA-USA,,,,,,,,,0
KXNCAAMBTOTAL-26FEB05MORESEMO-149,,,,,,,,,0
KXWOCURLGAME-26FEB06ESTITA-ITA,,,,,,,,,0
KXLOLMAP-26FEB06MVKTSW-1-TSW,,,,,,,,,0
KXNBAAST-26FEB05PHILAL-LALLJAMES23-8,,,,,,,,,0
KXNCAAMBTOTAL-26FEB05UTAUTU-139,,,,,,,,,0
KXNCAAMBSPREAD-26FEB05MORESEMO-SEMO11,,,,,,,,,0
KXNBA3PT-26FEB05PHILAL-LALAREAVES15-5,,,,,,,,,0
KXNBA3PT-26FEB05PHILAL-PHIVEDGECOMBE77-5,,,,,,,,,0
KXNBAAST-26FEB05PHILAL-LALLDONCIC77-9,,,,,,,,,0
KXNBA3PT-26FEB05PHILAL-PHITMAXEY0-5,,,,,,,,,0
KXNCAAMBTOTAL-26FEB05NEOMUND-146,,,,,,,,,0
KXNCAAMBTOTAL-26FEB05JVSTWKU-145,,,,,,,,,0
KXNCAAMBTOTAL-26FEB05JVSTWKU-136,,,,,,,,,0
KXNBA3PT-26FEB05PHILAL-LALLJAMES23-4,,,,,,,,,0
KXNHLGOAL-26FEB05LAVGK-VGKMMARNER93,,,,,,,,,0
KXNHLGOAL-26FEB05LAVGK-LACPERRY10,,,,,,,,,0
KXNCAAMBTOTAL-26FEB05JVSTWKU-130,,,,,,,,,0
KXNBASTL-26FEB05PHILAL-LALAREAVES15-1,,,,,,,,,0
KXNCAAMBTOTAL-26FEB05NEOMUND-134,,,,,,,,,0
KXNHLGOAL-26FEB05LAVGK-VGKIBARBASHEV49,,,,,,,,,0
KXNCAAMBTOTAL-26FEB05JVSTWKU-139,,,,,,,,,0
KXNCAAMBSPREAD-26FEB05NAUIDST-IDST11,,,,,,,,,0
KXNCAAMBTOTAL-26FEB05UTAUTU-127,,,,,,,,,0
KXNCAAMBSPREAD-26FEB05MORESEMO-SEMO5,,,,,,,,,0
KXNHLGOAL-26FEB05LAVGK-LAAKUZMENKO96,,,,,,,,,0
KXNBASTL-26FEB05PHILAL-PHITMAXEY0-3,,,,,,,,,0
KXNHLGOAL-26FEB05LAVGK-LAALAFERRIERE14,,,,,,,,,0
KXNCAAMBTOTAL-26FEB05JVSTWKU-133,,,,,,,,,0
KXNCAAMBTOTAL-26FEB05JVSTWKU-142,,,,,,,,,0
KXNBASTL-26FEB05PHILAL-PHITMAXEY0-2,,,,,,,,,0
KXNBATOTAL-26FEB05UTAATL-237,,,,,,,,,0
KXNHLGOAL-26FEB05LAVGK-LAKFIALA22,,,,,,,,,0
KXNHLGOAL-26FEB05LAVGK-VGKTHERTL48,,,,,,,,,0
KXNCAAMBTOTAL-26FEB05WIUTNTC-148,,,,,,,,,0
KXNCAAMBTOTAL-26FEB05WIUTNTC-145,,,,,,,,,0
KXNHLGOAL-26FEB05LAVGK-LAAKOPITAR11,,,,,,,,,0
KXNBAALLSTARS-26-MPOR,5.533333,0.814815,0.814815,-1.642857,0.759259,1.453701,1.4723,1.911544,15
KXNBASTL-26FEB05GSWPHX-GSWDGREEN23-2,,,,,,,,,0
KXNHLSPREAD-26FEB05NSHWSH-WSH2,,,,,,,,,0
KXNHLGOAL-26FEB05LAVGK-LAQBYFIELD55,,,,,,,,,0
KXNFLCELEBRITYGAME-26-SSAF,,,,,,,,,0
KXNBA3PT-26FEB05PHILAL-LALAREAVES15-4,,,,,,,,,0
KXNCAAMBTOTAL-26FEB05EWUMONT-157,,,,,,,,,0
KXWOCURLGAME-26FEB06ITACHE-CHE,,,,,,,,,0
KXATPCHALLENGERMATCH-26FEB06FELBRA-FEL,,,,,,,,,0
KXNBAAST-26FEB05PHILAL-PHIVEDGECOMBE77-8,,,,,,,,,0
KXNHLGOAL-26FEB05LAVGK-VGKPDOROFEYEV16,,,,,,,,,0
KXNBAALLSTARS-26-LMAR,0.0,0.0,0.0,0.0,0.0,0.0,1.0,0.0,6
KXNBATOTAL-26FEB05UTAATL-255,,,,,,,,,0
KXWOWHOCKEY-26FEB06FRAJPN-FRA,,,,,,,,,0
KXNFLCELEBRITYGAME-26-SKET,,,,,,,,,0
KXNHLPTS-26FEB05LAVGK-VGKJEICHEL9-2,,,,,,,,,0
KXNBASPREAD-26FEB05CHAHOU-HOU12,,,,,,,,,0
KXNCAAMBTOTAL-26FEB05WIUTNTC-142,,,,,,,,,0
KXWOWHOCKEY-26FEB06FRAJPN-JPN,,,,,,,,,0
KXNFLCELEBRITYGAME-26-DIEG,,,,,,,,,0
KXWOWHOCKEY-26FEB06CZECHE-CZE,,,,,,,,,0
KXNHLPTS-26FEB05LAVGK-LAAKOPITAR11-1,,,,,,,,,0
KXWOWHOCKEY-26FEB05FINCAN-CAN,0.0,-0.010417,-0.010417,-0.03609,0.051546,0.023726,0.9082,0.052687,20
KXNBASTL-26FEB05GSWPHX-GSWDGREEN23-1,,,,,,,,,0
KXNHLGOAL-26FEB05LAVGK-VGKSTHEODORE27,,,,,,,,,0
KXNHLGOAL-26FEB05LAVGK-LABCLARKE92,,,,,,,,,0
KXNHLGOAL-26FEB05LAVGK-VGKBBOWMAN42,,,,,,,,,0
KXNCAAMBTOTAL-26FEB05USIUTM-130,,,,,,,,,0
KXNBASPREAD-26FEB05UTAATL-UTA2,,,,,,,,,0
KXNCAAMBTOTAL-26FEB05EWUMONT-148,,,,,,,,,0
KXLOLTOTALMAPS-26FEB06GZCFO-3,,,,,,,,,0
KXNBASPREAD-26FEB05CHAHOU-HOU18,,,,,,,,,0
KXNBAAST-26FEB05PHILAL-LALLDONCIC77-10,,,,,,,,,0
KXNCAAMBSPREAD-26FEB05EWUMONT-MONT12,,,,,,,,,0
KXNBATOTAL-26FEB05CHITOR-235,,,,,,,,,0
KXNBASTL-26FEB05PHILAL-LALLJAMES23-2,,,,,,,,,0
KXNBABLK-26FEB05PHILAL-LALLJAMES23-2,,,,,,,,,0
KXNBASPREAD-26FEB05UTAATL-ATL7,,,,,,,,,0
KXNBAALLSTARS-263PT-KKNU,,,,,,,,,0
KXNCAAMBTOTAL-26FEB05EWUMONT-145,,,,,,,,,0
KXNCAAMBTOTAL-26FEB05USIUTM-127,,,,,,,,,0
KXNCAAWBGAME-26FEB05CBUTARL-CBU,,,,,,,,,0
KXNHLTOTAL-26FEB05FLATB-6,,,,,,,,,0
KXNBASPREAD-26FEB05UTAATL-ATL4,,,,,,,,,0
KXNBASTL-26FEB05PHILAL-LALAREAVES15-2,,,,,,,,,0
KXNCAAMBTOTAL-26FEB05EWUMONT-151,,,,,,,,,0
KXNBA3PT-26FEB05PHILAL-LALLDONCIC77-5,,,,,,,,,0
KXNCAAMBTOTAL-26FEB05ACUVU-134,,,,,,,,,0
KXNBAREB-26FEB05PHILAL-LALLDONCIC77-6,,,,,,,,,0
KXNHLGOAL-26FEB05LAVGK-VGKNHANIFIN15,,,,,,,,,0
KXLALIGASPREAD-26FEB06RCCOSA-OSA2,,,,,,,,,0
KXNCAAMBTOTAL-26FEB05CITSAM-145,,,,,,,,,0
KXNBASTL-26FEB05PHILAL-LALAREAVES15-3,,,,,,,,,0
KXNCAAMBTOTAL-26FEB05LINWUALR-143,,,,,,,,,0
KXNBAALLSTARS-26-JHAR,-0.980392,-0.5,-0.5,1.025,0.980392,6.334142,1.4541,9.615385,15
KXNCAAMBTOTAL-26FEB05LINWUALR-146,,,,,,,,,0
KXNHLAST-26FEB05LAVGK-VGKMMARNER93-1,,,,,,,,,0
KXNCAAMBTOTAL-26FEB05LINWUALR-152,,,,,,,,,0
KXNCAAMBTOTAL-26FEB05USIUTM-136,,,,,,,,,0
KXNBA3D-26FEB05PHILAL-LALLJAMES23,,,,,,,,,0
KXNBASTL-26FEB05PHILAL-LALLJAMES23-3,,,,,,,,,0
KXNCAAMBTOTAL-26FEB05EWUMONT-142,,,,,,,,,0
KXNCAAMBTOTAL-26FEB05LINWUALR-155,,,,,,,,,0
KXNHLSPREAD-26FEB05PITBUF-BUF2,,,,,,,,,0
KXNCAAMBTOTAL-26FEB05UCSBUCD-139,,,,,,,,,0
KXNCAAMBTOTAL-26FEB05UCSBUCD-142,,,,,,,,,0
KXEKSTRAKLASAGAME-26JAN30RADARK-ARK,0.0,0.0,0.0,0.0,0.0,0.0,1.0,0.0,7
KXNBAALLSTARS-26-KGEO,0.0,0.0,0.0,-0.0,0.0,0.0,1.0,0.0,5
KXNCAAMBTOTAL-26FEB05USIUTM-133,,,,,,,,,0
KXNCAAMBTOTAL-26FEB05USIUTM-124,,,,,,,,,0
KXNHLPTS-26FEB05LAVGK-VGKSTHEODORE27-2,,,,,,,,,0
KXNBAALLSTARS-26-ATHO,1.222222,1.222222,1.222222,0.423077,0.0,0.351364,1.2964,1.109244,12
KXNCAAMBTOTAL-26FEB05EWUMONT-154,,,,,,,,,0
KXNBABLK-26FEB05PHILAL-LALLJAMES23-3,,,,,,,,,0
KXNHLSPREAD-26FEB05PITBUF-PIT1,,,,,,,,,0
KXNBAALLSTARS-26-AREA,-0.734043,11.5,-0.358974,0.242105,0.948718,5.981029,1.6179,2.411034,19
KXNCAAMBTOTAL-26FEB05USIUTM-139,,,,,,,,,0
KXWOWHOCKEY-26FEB05FINCAN-FIN,0.0,-0.166667,-0.090909,-0.118797,0.538462,0.193568,1.7517,0.79646,20
KXNCAAMBTOTAL-26FEB05LINWUALR-140,,,,,,,,,0
KXNCAAMBTOTAL-26FEB05UCSBUCD-154,,,,,,,,,0
KXNHLPTS-26FEB05LAVGK-LAQBYFIELD55-2,,,,,,,,,0
KXNBAALLSTARS-26-EMOB,0.0,0.0,0.0,0.0,0.0,0.0,1.0,0.0,13
KXNCAAMBTOTAL-26FEB05USIUTM-121,,,,,,,,,0
KXNCAAMBSPREAD-26FEB05NEOMUND-NEOM8,,,,,,,,,0
KXNCAAMBTOTAL-26FEB05LINWUALR-149,,,,,,,,,0
KXNCAAMBTOTAL-26FEB05UCSBUCD-145,,,,,,,,,0
KXNBA3PT-26FEB05PHILAL-LALLJAMES23-5,,,,,,,,,0
KXNBATOTAL-26FEB05CHITOR-232,,,,,,,,,0
KXNBATOTAL-26FEB05CHAHOU-202,,,,,,,,,0
KXNBAALLSTARS-26-ZLAV,0.0,0.0,0.0,0.0,0.0,0.0,1.0,0.0,11
KXNBAAST-26FEB05PHILAL-LALAREAVES15-8,,,,,,,,,0
KXNCAAMBTOTAL-26FEB05UCSBUCD-151,,,,,,,,,0
KXNCAAMBTOTAL-26FEB05NEOMUND-155,,,,,,,,,0
KXNCAAMBTOTAL-26FEB05ACUVU-131,,,,,,,,,0
KXNHLSPREAD-26FEB05PITBUF-PIT2,,,,,,,,,0
KXNCAAMBTOTAL-26FEB05UCSBUCD-148,,,,,,,,,0
KXNCAAMBTOTAL-26FEB05NEOMUND-152,,,,,,,,,0
KXNBAALLSTARS-26-OANU,0.0,0.0,0.0,0.0,0.0,0.0,1.0,0.0,10
KXNHLTOTAL-26FEB05NSHWSH-7,,,,,,,,,0
KXNCAAMBTOTAL-26FEB05LINWUALR-137,,,,,,,,,0
KXNBATOTAL-26FEB05CHITOR-226,,,,,,,,,0
KXNHLFIRSTGOAL-26FEB05LAVGK-VGKMMARNER93,,,,,,,,,0
KXNBATOTAL-26FEB05CHITOR-229,,,,,,,,,0
KXNHLFIRSTGOAL-26FEB05LAVGK-LABCLARKE92,,,,,,,,,0
KXNHLFIRSTGOAL-26FEB05LAVGK-LACPERRY10,,,,,,,,,0
KXNHLFIRSTGOAL-26FEB05LAVGK-VGKSTHEODORE27,,,,,,,,,0
KXNHLFIRSTGOAL-26FEB05LAVGK-LAAKEMPE9,,,,,,,,,0
KXNHLFIRSTGOAL-26FEB05LAVGK-VGKJEICHEL9,,,,,,,,,0
KXNBAAST-26FEB05PHILAL-LALAREAVES15-10,,,,,,,,,0
KXNBASPREAD-26FEB05UTAATL-ATL1,,,,,,,,,0
KXNHLFIRSTGOAL-26FEB05LAVGK-VGKTHERTL48,,,,,,,,,0
KXNHLFIRSTGOAL-26FEB05LAVGK-LAKFIALA22,,,,,,,,,0
KXNBA3D-26FEB05GSWPHX-GSWDGREEN23,,,,,,,,,0
KXNHLFIRSTGOAL-26FEB05LAVGK-VGKIBARBASHEV49,,,,,,,,,0
KXNHLFIRSTGOAL-26FEB05LAVGK-LAALAFERRIERE14,,,,,,,,,0
KXNHLFIRSTGOAL-26FEB05LAVGK-VGKPDOROFEYEV16,,,,,,,,,0
KXNBASPREAD-26FEB05UTAATL-UTA5,,,,,,,,,0
KXNHLFIRSTGOAL-26FEB05LAVGK-LAAKUZMENKO96,,,,,,,,,0
KXNHLFIRSTGOAL-26FEB05LAVGK-LAAKOPITAR11,,,,,,,,,0
KXNBATOTAL-26FEB05CHITOR-223,,,,,,,,,0
KXNHLFIRSTGOAL-26FEB05LAVGK-VGKBBOWMAN42,,,,,,,,,0
KXWOWHOCKEY-26FEB06CZECHE-CHE,,,,,,,,,0
KXNCAAMBTOTAL-26FEB05USIUTM-142,,,,,,,,,0
KXNCAAMBSPREAD-26FEB05LINWUALR-LINW4,,,,,,,,,0
KXNCAAMBTOTAL-26FEB05CITSAM-151,,,,,,,,,0
KXNBATOTAL-26FEB05UTAATL-234,,,,,,,,,0
KXNHLFIRSTGOAL-26FEB05LAVGK-VGKNHANIFIN15,,,,,,,,,0
KXNCAAMBTOTAL-26FEB05ACUVU-137,,,,,,,,,0
KXNCAAMBSPREAD-26FEB05LINWUALR-LINW1,,,,,,,,,0
KXNHLSPREAD-26FEB05NSHWSH-WSH1,,,,,,,,,0
KXNCAAMBTOTAL-26FEB05CITSAM-142,,,,,,,,,0
KXNBABLK-26FEB05GSWPHX-GSWDGREEN23-2,,,,,,,,,0
KXNCAAMBTOTAL-26FEB05USIUTM-145,,,,,,,,,0
KXNCAAMBTOTAL-26FEB05CITSAM-148,,,,,,,,,0
KXNBAAST-26FEB05PHILAL-PHITMAXEY0-12,,,,,,,,,0
KXNCAAWBGAME-26FEB05SDAKDEN-SDAK,,,,,,,,,0
KXNBAREB-26FEB05PHILAL-LALLDONCIC77-4,,,,,,,,,0
KXNHLTOTAL-26FEB05PITBUF-7,,,,,,,,,0
KXNBASPREAD-26FEB05CHAHOU-HOU9,,,,,,,,,0
KXNBA2D-26FEB05PHILAL-LALAREAVES15,,,,,,,,,0
KXNBATOTAL-26FEB05CHITOR-241,,,,,,,,,0
KXNBATOTAL-26FEB05CHAHOU-205,,,,,,,,,0
KXNCAAMBSPREAD-26FEB05LINWUALR-UALR2,,,,,,,,,0
KXSOCCERTRANSFER-26-MROG,0.0,0.0,0.0,-0.0,0.0,0.0,1.0,0.0,9
KXNBASPREAD-26FEB05CHAHOU-HOU15,,,,,,,,,0
KXNCAAMBSPREAD-26FEB05LINWUALR-UALR5,,,,,,,,,0
KXNCAAMBSPREAD-26FEB05ACUVU-UVU28,,,,,,,,,0
KXNBAALLSTARS-26SDC-GANT,0.0,0.0,0.0,0.0,0.0,0.0,1.0,0.0,4
KXNCAAMBTOTAL-26FEB05DENNDSU-154,,,,,,,,,0
KXNCAAMBTOTAL-26FEB05NEOMUND-164,,,,,,,,,0
KXNHLSPREAD-26FEB05FLATB-TB1,,,,,,,,,0
KXNCAAMBTOTAL-26FEB05CITSAM-139,,,,,,,,,0
KXNBA3PT-26FEB05PHILAL-LALLDONCIC77-6,,,,,,,,,0
KXNBASPREAD-26FEB05UTAATL-ATL16,,,,,,,,,0
KXNCAAMBTOTAL-26FEB05DENNDSU-157,,,,,,,,,0
KXNCAAMBTOTAL-26FEB05CITSAM-154,,,,,,,,,0
KXNBAALLSTARS-263PT-JMUR,,,,,,,,,0
KXNCAAMBTOTAL-26FEB05ACUVU-140,,,,,,,,,0
KXNHLTOTAL-26FEB05PITBUF-5,,,,,,,,,0
KXNBATOTAL-26FEB05CHITOR-238,,,,,,,,,0
KXNCAAMBSPREAD-26FEB05WIUTNTC-TNTC11,,,,,,,,,0
KXNBASPREAD-26FEB05UTAATL-ATL19,,,,,,,,,0
KXNCAAMBSPREAD-26FEB05ELONHAMP-HAMP8,,,,,,,,,0
KXNBASPREAD-26FEB05UTAATL-ATL13,,,,,,,,,0
KXNCAAMBTOTAL-26FEB05CITSAM-157,,,,,,,,,0
KXNHLSPREAD-26FEB05FLATB-TB2,,,,,,,,,0
KXNBAPTS-26FEB05SASDAL-SASVWEMBANYAMA1-30,,,,,,,,,0
KXNCAAMBTOTAL-26FEB05NEOMUND-161,,,,,,,,,0
KXNBAAST-26FEB05PHILAL-LALLDONCIC77-12,,,,,,,,,0
KXNBAPTS-26FEB05CHAHOU-CHALBALL1-20,,,,,,,,,0
KXNHLTOTAL-26FEB05FLATB-3,,,,,,,,,0
KXNCAAMBTOTAL-26FEB05LINWUALR-164,,,,,,,,,0
KXNCAAMBTOTAL-26FEB05WIUTNTC-139,,,,,,,,,0
KXNCAAMBTOTAL-26FEB05ACUVU-143,,,,,,,,,0
KXNBATOTAL-26FEB05CHITOR-220,,,,,,,,,0
KXSOCCERTRANSFER-26-MGUE,0.0,0.0,0.0,-0.0,0.0,0.0,1.0,0.0,5
KXNBAALLSTARS-26-LBAL,0.0,0.0,0.0,0.0,0.0,0.0,1.0,0.0,7
KXNCAAMBTOTAL-26FEB05USIUTM-148,,,,,,,,,0
KXNCAAMBTOTAL-26FEB05DENNDSU-151,,,,,,,,,0
KXNHLTOTAL-26FEB05NSHWSH-5,,,,,,,,,0
KXNHLSPREAD-26FEB05FLATB-FLA1,,,,,,,,,0
KXNBAPTS-26FEB05CHAHOU-HOUATHOMPSON1-10,,,,,,,,,0
KXNHLSPREAD-26FEB05PITBUF-BUF1,,,,,,,,,0
KXNCAAMBTOTAL-26FEB05DENNDSU-163,,,,,,,,,0
KXNCAAMBTOTAL-26FEB05DENNDSU-148,,,,,,,,,0
KXNBASPREAD-26FEB05UTAATL-ATL22,,,,,,,,,0
KXNHLSPREAD-26FEB05NSHWSH-NSH1,,,,,,,,,0
KXNBATOTAL-26FEB05UTAATL-231,,,,,,,,,0
KXNCAAMBTOTAL-26FEB05DENNDSU-160,,,,,,,,,0
KXNCAAMBTOTAL-26FEB05WIUTNTC-127,,,,,,,,,0
KXNCAAMBTOTAL-26FEB05DENNDSU-145,,,,,,,,,0
KXNCAAMBTOTAL-26FEB05DENNDSU-172,,,,,,,,,0
KXNCAAMBTOTAL-26FEB05CITSAM-133,,,,,,,,,0
KXNCAAMBSPREAD-26FEB05DENNDSU-NDSU2,,,,,,,,,0
KXNCAAMBTOTAL-26FEB05DENNDSU-166,,,,,,,,,0
KXNBATOTAL-26FEB05UTAATL-228,,,,,,,,,0
KXNCAAMBSPREAD-26FEB05ELONHAMP-ELON10,,,,,,,,,0
KXNCAAMBTOTAL-26FEB05CITSAM-127,,,,,,,,,0
KXNCAAMBSPREAD-26FEB05ELONHAMP-HAMP5,,,,,,,,,0
KXNCAAMBSPREAD-26FEB05CITSAM-SAM7,,,,,,,,,0
KXNCAAMBSPREAD-26FEB05ELONHAMP-HAMP14,,,,,,,,,0
KXNCAAMBSPREAD-26FEB05ELONHAMP-ELON4,,,,,,,,,0
KXNBAPTS-26FEB05CHAHOU-HOUKDURANT7-35,,,,,,,,,0
KXNCAAMBSPREAD-26FEB05ELONHAMP-ELON13,,,,,,,,,0
KXNCAAMBSPREAD-26FEB05DENNDSU-NDSU8,,,,,,,,,0
KXNBAPTS-26FEB05CHAHOU-CHAKKNUEPPEL7-25,,,,,,,,,0
KXNHLGOAL-26FEB05FLATB-TBJGUENTZEL59,,,,,,,,,0
KXNBASPREAD-26FEB05UTAATL-ATL25,,,,,,,,,0
KXNHLSPREAD-26FEB05NSHWSH-NSH2,,,,,,,,,0
KXNCAAMBTOTAL-26FEB05DENNDSU-175,,,,,,,,,0
KXNHLSPREAD-26FEB05FLATB-FLA2,,,,,,,,,0
KXNCAAMBSPREAD-26FEB05DENNDSU-NDSU23,,,,,,,,,0
KXNCAAMBSPREAD-26FEB05DENNDSU-NDSU20,,,,,,,,,0
KXNCAAMBSPREAD-26FEB05LINWUALR-UALR11,,,,,,,,,0
KXNCAAMBSPREAD-26FEB05ELONHAMP-ELON7,,,,,,,,,0
KXNCAAMBTOTAL-26FEB05ACUVU-158,,,,,,,,,0
KXNCAAMBTOTAL-26FEB05CITSAM-130,,,,,,,,,0
KXNCAAMBSPREAD-26FEB05DENNDSU-NDSU17,,,,,,,,,0
KXNCAAMBTOTAL-26FEB05CITSAM-136,,,,,,,,,0
KXNCAAMBSPREAD-26FEB05DENNDSU-NDSU26,,,,,,,,,0
KXNCAAMBSPREAD-26FEB05CITSAM-SAM19,,,,,,,,,0
KXNBA2D-26FEB05SASDAL-DALCFLAGG32,,,,,,,,,0
KXNBAAST-26FEB05SASDAL-SASVWEMBANYAMA1-4,,,,,,,,,0
KXNCAAMBTOTAL-26FEB05ACUVU-152,,,,,,,,,0
KXNCAAMBSPREAD-26FEB05ELONHAMP-ELON1,,,,,,,,,0
KXNCAAMBTOTAL-26FEB05ACUVU-155,,,,,,,,,0
KXNCAAMBTOTAL-26FEB05ACUVU-149,,,,,,,,,0
KXNCAAMBSPREAD-26FEB05DENNDSU-DEN1,,,,,,,,,0
KXNBA3PT-26FEB05SASDAL-SASDFOX4-1,,,,,,,,,0
KXNCAAMBSPREAD-26FEB05DENNDSU-DEN4,,,,,,,,,0
KXNBAAST-26FEB05SASDAL-SASDFOX4-6,,,,,,,,,0
KXNBA3PT-26FEB05SASDAL-SASDFOX4-2,,,,,,,,,0
KXNCAAMBSPREAD-26FEB05ACUVU-UVU10,,,,,,,,,0
KXNCAAMBSPREAD-26FEB05DENNDSU-NDSU11,,,,,,,,,0
KXNCAAMBSPREAD-26FEB05ELONHAMP-ELON16,,,,,,,,,0
KXNCAAMBSPREAD-26FEB05NEOMUND-UND13,,,,,,,,,0
KXNCAAMBSPREAD-26FEB05DENNDSU-NDSU14,,,,,,,,,0
KXNCAAMBSPREAD-26FEB05OSUMD-MD5,,,,,,,,,0
KXNCAAMBSPREAD-26FEB05ELONHAMP-HAMP11,,,,,,,,,0
KXNBABLK-26FEB05SASDAL-SASVWEMBANYAMA1-3,,,,,,,,,0
KXNCAAMBSPREAD-26FEB05CITSAM-SAM13,,,,,,,,,0
KXNCAAMBTOTAL-26FEB05ACUVU-161,,,,,,,,,0
KXNBAPTS-26FEB05SASDAL-SASSCASTLE5-10,,,,,,,,,0
KXNCAAMBSPREAD-26FEB05OSUMD-MD8,,,,,,,,,0
KXNCAAMBSPREAD-26FEB05ELONHAMP-HAMP2,,,,,,,,,0
KXNCAAMBSPREAD-26FEB05USIUTM-USI1,,,,,,,,,0
KXNBATOTAL-26FEB05UTAATL-225,,,,,,,,,0
KXNHLFIRSTGOAL-26FEB05NSHWSH-NSHEHAULA56,,,,,,,,,0
KXNCAAMBSPREAD-26FEB05CITSAM-SAM22,,,,,,,,,0
KXNCAAMBSPREAD-26FEB05CITSAM-SAM25,,,,,,,,,0
KXNBAPTS-26FEB05CHAHOU-HOUATHOMPSON1-15,,,,,,,,,0
KXNBAPTS-26FEB05CHAHOU-CHALBALL1-25,,,,,,,,,0
KXNBAPTS-26FEB05UTAATL-UTALMARKKANEN23-25,,,,,,,,,0
KXNBAAST-26FEB05CHAHOU-HOUATHOMPSON1-6,,,,,,,,,0
KXNBAREB-26FEB05CHITOR-TORSBARNES4-9,,,,,,,,,0
KXNBAAST-26FEB05CHAHOU-CHAKKNUEPPEL7-4,,,,,,,,,0
KXNBAAST-26FEB05SASDAL-SASVWEMBANYAMA1-3,,,,,,,,,0
KXNCAAMBTOTAL-26FEB05ACUVU-146,,,,,,,,,0
KXNBAPTS-26FEB05CHAHOU-HOUKDURANT7-30,,,,,,,,,0
KXNCAAMBSPREAD-26FEB05CITSAM-SAM1,,,,,,,,,0
KXNBAALLSTARS-26-JRAN,0.0,0.0,0.0,-0.0,0.0,0.0,1.0,0.0,7
KXNBAREB-26FEB05CHAHOU-HOUATHOMPSON1-6,,,,,,,,,0
KXNCAAMBSPREAD-26FEB05NEOMUND-UND16,,,,,,,,,0
KXNCAAMBSPREAD-26FEB05CITSAM-CIT2,,,,,,,,,0
KXNBAREB-26FEB05CHAHOU-HOUATHOMPSON1-7,,,,,,,,,0
KXNBABLK-26FEB05SASDAL-SASVWEMBANYAMA1-2,,,,,,,,,0
KXNCAAMBSPREAD-26FEB05MORESEMO-MORE7,,,,,,,,,0
KXNCAAMBSPREAD-26FEB05ACUVU-AC2,,,,,,,,,0
KXNCAAMBSPREAD-26FEB05ACUVU-UVU4,,,,,,,,,0
KXNHLGOAL-26FEB05NSHWSH-NSHROREILLY90,,,,,,,,,0
KXNHLGOAL-26FEB05NSHWSH-WSHAOVECHKIN8,,,,,,,,,0
KXNBAPTS-26FEB05UTAATL-ATLDDANIELS5-15,,,,,,,,,0
KXNHLGOAL-26FEB05OTTPHI-OTTCGIROUX28,,,,,,,,,0
KXNBAPTS-26FEB05UTAATL-ATLCMCCOLLUM3-10,,,,,,,,,0
KXNBAPTS-26FEB05UTAATL-ATLCMCCOLLUM3-15,,,,,,,,,0
KXNHLFIRSTGOAL-26FEB05PITBUF-BUFATUCH89,,,,,,,,,0
KXNHLGOAL-26FEB05FLATB-FLASREINHART13,,,,,,,,,0
KXNBA3PT-26FEB05CHITOR-TORSBARNES4-3,,,,,,,,,0
KXNHLGOAL-26FEB05NSHWSH-NSHFFORSBERG9,,,,,,,,,0
KXNBABLK-26FEB05SASDAL-DALCFLAGG32-1,,,,,,,,,0
KXNBABLK-26FEB05SASDAL-DALCFLAGG32-2,,,,,,,,,0
KXNBAPTS-26FEB05UTAATL-ATLCMCCOLLUM3-20,,,,,,,,,0
KXNBAPTS-26FEB05UTAATL-ATLNALEXANDERWALKER7-20,,,,,,,,,0
KXNBAREB-26FEB05CHITOR-TORSBARNES4-8,,,,,,,,,0
KXNCAAMBSPREAD-26FEB05ACUVU-UVU1,,,,,,,,,0
KXNBAPTS-26FEB05CHITOR-TORSBARNES4-25,,,,,,,,,0
KXCS2MAP-26FEB01NRGMOUZ-2-NRG,,,,,,,,,0
KXNBAPTS-26FEB05UTAATL-ATLCMCCOLLUM3-25,,,,,,,,,0
KXNBAPTS-26FEB05UTAATL-ATLJJOHNSON1-25,,,,,,,,,0
KXNCAAMBSPREAD-26FEB05USIUTM-USI4,,,,,,,,,0
KXNBA2D-26FEB05UTAATL-ATLJJOHNSON1,,,,,,,,,0
KXNCAAMBSPREAD-26FEB05CITSAM-SAM28,,,,,,,,,0
KXNHLGOAL-26FEB05NSHWSH-WSHJSOURDIF34,,,,,,,,,0
KXSSHIELDMATCH-26FEB04REDBLU-BLU,0.142857,-0.550562,-0.550562,-10.5,0.606742,0.201394,1.0,0.785863,7
KXNHLGOAL-26FEB05OTTPHI-OTTDBATHERSON19,,,,,,,,,0
KXNBAREB-26FEB05SASDAL-SASSCASTLE5-4,,,,,,,,,0
KXNBAAST-26FEB05SASDAL-SASDFOX4-8,,,,,,,,,0
KXNBAREB-26FEB05CHAHOU-CHAKKNUEPPEL7-6,,,,,,,,,0
KXNHLGOAL-26FEB05FLATB-FLASBENNETT9,,,,,,,,,0
KXNBAPTS-26FEB05UTAATL-UTALMARKKANEN23-30,,,,,,,,,0
KXNHLGOAL-26FEB05OTTPHI-OTTSPINTO12,,,,,,,,,0
KXNBAPTS-26FEB05SASDAL-SASDFOX4-20,,,,,,,,,0
KXNHLGOAL-26FEB05FLATB-TBDRADDYSH43,,,,,,,,,0
KXNHLGOAL-26FEB05FLATB-FLACVERHAEGHE23,,,,,,,,,0
KXNHLGOAL-26FEB05PITBUF-PITBRUST17,,,,,,,,,0
KXNHLGOAL-26FEB05PITBUF-BUFJDOAN91,,,,,,,,,0
KXNHLGOAL-26FEB05PITBUF-BUFATUCH89,,,,,,,,,0
KXNHLGOAL-26FEB05OTTPHI-PHITZEGRAS46,,,,,,,,,0
KXNHLGOAL-26FEB05OTTPHI-PHIBBRINK10,,,,,,,,,0
KXNHLGOAL-26FEB05NYINJ-NJTMEIER28,,,,,,,,,0
KXNHLGOAL-26FEB05NYINJ-NJOPALAT18,,,,,,,,,0
KXNHLGOAL-26FEB05NYINJ-NJCBROWN16,,,,,,,,,0
KXNHLGOAL-26FEB05NSHWSH-WSHEFRANK53,,,,,,,,,0
KXNBASTL-26FEB05CHAHOU-CHALBALL1-2,,,,,,,,,0
KXNBAPTS-26FEB05CHAHOU-CHAMBRIDGES0-25,,,,,,,,,0
KXNBAPTS-26FEB05SASDAL-SASDFOX4-30,,,,,,,,,0
KXNHLGOAL-26FEB05PITBUF-PITSCROSBY87,,,,,,,,,0
KXNBAPTS-26FEB05CHAHOU-HOUATHOMPSON1-20,,,,,,,,,0
KXNBAPTS-26FEB05UTAATL-ATLNALEXANDERWALKER7-25,,,,,,,,,0
KXNBAREB-26FEB05SASDAL-SASVWEMBANYAMA1-14,,,,,,,,,0
KXNBAREB-26FEB05CHAHOU-HOUKDURANT7-6,,,,,,,,,0
KXNBAREB-26FEB05CHAHOU-HOUASENGUN28-10,,,,,,,,,0
KXNBAAST-26FEB05CHAHOU-CHALBALL1-6,,,,,,,,,0
KXNHLGOAL-26FEB05FLATB-TBNKUCHEROV86,,,,,,,,,0
KXNHLGOAL-26FEB05NYINJ-NJJBRATT63,,,,,,,,,0
KXNBAPTS-26FEB05UTAATL-ATLDDANIELS5-10,,,,,,,,,0
KXNBA3PT-26FEB05SASDAL-SASDFOX4-5,,,,,,,,,0
KXNHLGOAL-26FEB05NSHWSH-WSHRLEONARD9,,,,,,,,,0
KXNBAPTS-26FEB05CHITOR-TORSBARNES4-15,,,,,,,,,0
KXNHLGOAL-26FEB05FLATB-TBOBJORKSTRAND22,,,,,,,,,0
KXNHLGOAL-26FEB05OTTPHI-PHIOTIPPETT74,,,,,,,,,0
KXNBAREB-26FEB05CHAHOU-HOUKDURANT7-10,,,,,,,,,0
KXNBASTL-26FEB05CHAHOU-HOUATHOMPSON1-3,,,,,,,,,0
KXNBAREB-26FEB05CHITOR-TORSBARNES4-10,,,,,,,,,0
KXNBA3PT-26FEB05SASDAL-DALCFLAGG32-4,,,,,,,,,0
KXNHLGOAL-26FEB05PITBUF-PITAMANTHA39,,,,,,,,,0
KXNHLGOAL-26FEB05PITBUF-BUFRDAHLIN26,,,,,,,,,0
KXNHLGOAL-26FEB05PITBUF-BUFNOSTLUND86,,,,,,,,,0
KXNHLGOAL-26FEB05PITBUF-BUFJQUINN22,,,,,,,,,0
KXNBAREB-26FEB05CHAHOU-CHAMBRIDGES0-8,,,,,,,,,0
KXNBAREB-26FEB05SASDAL-SASVWEMBANYAMA1-16,,,,,,,,,0
KXNBA3PT-26FEB05SASDAL-SASSCASTLE5-2,,,,,,,,,0
KXNBAAST-26FEB05SASDAL-SASSCASTLE5-6,,,,,,,,,0
KXNBA3PT-26FEB05CHAHOU-CHAKKNUEPPEL7-3,,,,,,,,,0
KXNHLGOAL-26FEB05FLATB-TBGGONCALVES93,,,,,,,,,0
KXNHLGOAL-26FEB05FLATB-TBDJAMES17,,,,,,,,,0
KXNBAPTS-26FEB05CHITOR-TORSBARNES4-20,,,,,,,,,0
KXNBAREB-26FEB05CHAHOU-HOUASENGUN28-12,,,,,,,,,0
KXNBAPTS-26FEB05UTAATL-ATLJJOHNSON1-20,,,,,,,,,0
KXNBAAST-26FEB05CHAHOU-HOUASENGUN28-6,,,,,,,,,0
KXNBA3PT-26FEB05CHAHOU-CHAKKNUEPPEL7-4,,,,,,,,,0
KXNBAPTS-26FEB05SASDAL-SASDFOX4-25,,,,,,,,,0
KXCS2MAP-26FEB01NRGMOUZ-2-MOUZ,,,,,,,,,0
KXNBAREB-26FEB05SASDAL-SASDFOX4-4,,,,,,,,,0
KXNHLGOAL-26FEB05OTTPHI-PHITKONECNY11,,,,,,,,,0
KXNHLGOAL-26FEB05NYINJ-NJDMERCER91,,,,,,,,,0
KXNHLGOAL-26FEB05OTTPHI-PHIMMICHKOV39,,,,,,,,,0
KXNHLGOAL-26FEB05OTTPHI-OTTDCOZENS24,,,,,,,,,0
KXNHLGOAL-26FEB05NYINJ-NYISHOLMSTROM10,,,,,,,,,0
KXNHLGOAL-26FEB05NYINJ-NYIALEE27,,,,,,,,,0
KXNHLGOAL-26FEB05NYINJ-NJAGRITSYUK81,,,,,,,,,0
KXNHLGOAL-26FEB05NSHWSH-NSHRJOSI59,,,,,,,,,0
KXNBAPTS-26FEB05CHAHOU-HOUASENGUN28-20,,,,,,,,,0
KXCS2MAP-26FEB01NRGMOUZ-1-MOUZ,,,,,,,,,0
KXNBAREB-26FEB05SASDAL-DALCFLAGG32-10,,,,,,,,,0
KXNBA3PT-26FEB05CHAHOU-CHALBALL1-6,,,,,,,,,0
KXNHLFIRSTGOAL-26FEB05PITBUF-BUFTTHOMPSON72,,,,,,,,,0
KXNBAPTS-26FEB05CHAHOU-HOUASENGUN28-25,,,,,,,,,0
KXNBAPTS-26FEB05SASDAL-SASVWEMBANYAMA1-20,,,,,,,,,0
KXNBAPTS-26FEB05CHAHOU-CHAKKNUEPPEL7-20,,,,,,,,,0
KXNHLGOAL-26FEB05FLATB-FLAALUNDELL15,,,,,,,,,0
KXNBAPTS-26FEB05CHAHOU-CHAMBRIDGES0-15,,,,,,,,,0
KXNBAAST-26FEB05CHAHOU-HOUATHOMPSON1-8,,,,,,,,,0
KXNBAREB-26FEB05SASDAL-SASVWEMBANYAMA1-12,,,,,,,,,0
KXNBAREB-26FEB05SASDAL-SASVWEMBANYAMA1-10,,,,,,,,,0
KXNBAREB-26FEB05SASDAL-DALCFLAGG32-8,,,,,,,,,0
KXNBAREB-26FEB05SASDAL-DALCFLAGG32-6,,,,,,,,,0
KXNBAAST-26FEB05SASDAL-SASSCASTLE5-8,,,,,,,,,0
KXNBA3PT-26FEB05SASDAL-SASSCASTLE5-1,,,,,,,,,0
KXNBAREB-26FEB05CHAHOU-HOUKDURANT7-4,,,,,,,,,0
KXNBAREB-26FEB05CHAHOU-HOUATHOMPSON1-8,,,,,,,,,0
KXNBAREB-26FEB05CHAHOU-HOUASENGUN28-8,,,,,,,,,0
KXNBAREB-26FEB05CHAHOU-CHAMBRIDGES0-6,,,,,,,,,0
KXNBAREB-26FEB05CHAHOU-CHALBALL1-4,,,,,,,,,0
KXNBAAST-26FEB05CHAHOU-HOUASENGUN28-8,,,,,,,,,0
KXNBAAST-26FEB05CHAHOU-CHAMBRIDGES0-4,,,,,,,,,0
KXNBA3PT-26FEB05CHAHOU-HOUKDURANT7-5,,,,,,,,,0
KXNBA3PT-26FEB05CHAHOU-HOUKDURANT7-4,,,,,,,,,0
KXNBA3PT-26FEB05CHAHOU-CHAMBRIDGES0-4,,,,,,,,,0
KXNBA3PT-26FEB05CHAHOU-CHAMBRIDGES0-3,,,,,,,,,0
KXNBAAST-26FEB05CHAHOU-CHAKKNUEPPEL7-8,,,,,,,,,0
KXNBAPTS-26FEB05CHAHOU-CHALBALL1-30,,,,,,,,,0
KXNHLFIRSTGOAL-26FEB05PITBUF-PITBKINDEL81,,,,,,,,,0
KXNHLGOAL-26FEB05PITBUF-PITEMALKIN71,,,,,,,,,0
KXNHLGOAL-26FEB05PITBUF-BUFRMCLEOD71,,,,,,,,,0
KXNHLGOAL-26FEB05OTTPHI-PHICDVORAK22,,,,,,,,,0
KXNHLGOAL-26FEB05NYINJ-NYIEHEINEMAN51,,,,,,,,,0
KXNHLFIRSTGOAL-26FEB05PITBUF-PITSCROSBY87,,,,,,,,,0
KXNBAPTS-26FEB05SASDAL-DALCFLAGG32-35,,,,,,,,,0
KXCS2MAP-26FEB01NRGMOUZ-1-NRG,,,,,,,,,0
KXNHLFIRSTGOAL-26FEB05PITBUF-PITAMANTHA39,,,,,,,,,0
KXNHLGOAL-26FEB05FLATB-FLAUBALINSKIS26,,,,,,,,,0
KXNHLGOAL-26FEB05FLATB-FLAGFORSLING42,,,,,,,,,0
KXNHLGOAL-26FEB05PITBUF-BUFIROSEN63,,,,,,,,,0
KXNHLGOAL-26FEB05PITBUF-BUFBBYRAM4,,,,,,,,,0
KXNHLGOAL-26FEB05OTTPHI-OTTTCHABOT72,,,,,,,,,0
KXNHLGOAL-26FEB05OTTPHI-OTTJSPENCE10,,,,,,,,,0
KXNHLGOAL-26FEB05NYINJ-NYITDEANGELO77,,,,,,,,,0
KXNHLGOAL-26FEB05NYINJ-NYIMTSYPLAKOV7,,,,,,,,,0
KXNHLGOAL-26FEB05NYINJ-NYIMSCHAEFER48,,,,,,,,,0
KXNHLGOAL-26FEB05NYINJ-NYIJDROUIN29,,,,,,,,,0
KXNHLGOAL-26FEB05NYINJ-NYICRITCHIE64,,,,,,,,,0
KXNHLGOAL-26FEB05NYINJ-NJSNEMEC17,,,,,,,,,0
KXNHLGOAL-26FEB05NYINJ-NJDHAMILTON7,,,,,,,,,0
KXNHLGOAL-26FEB05NSHWSH-NSHNBLANKENBURG37,,,,,,,,,0
KXNHLGOAL-26FEB05NSHWSH-NSHMWOOD71,,,,,,,,,0
KXNHLFIRSTGOAL-26FEB05NSHWSH-NSHSSTAMKOS91,,,,,,,,,0
KXNHLFIRSTGOAL-26FEB05NSHWSH-WSHDSTROME17,,,,,,,,,0
KXNHLFIRSTGOAL-26FEB05NSHWSH-WSHAOVECHKIN8,,,,,,,,,0
KXNHLFIRSTGOAL-26FEB05PITBUF-BUFRMCLEOD71,,,,,,,,,0
KXNHLFIRSTGOAL-26FEB05NSHWSH-NSHJMARCHESSAULT81,,,,,,,,,0
KXNHLFIRSTGOAL-26FEB05PITBUF-BUFJQUINN22,,,,,,,,,0
KXNHLFIRSTGOAL-26FEB05PITBUF-PITEKARLSSON65,,,,,,,,,0
KXNHLFIRSTGOAL-26FEB05NSHWSH-NSHFFORSBERG9,,,,,,,,,0
KXNHLFIRSTGOAL-26FEB05PITBUF-BUFJDOAN91,,,,,,,,,0
KXNHLFIRSTGOAL-26FEB05PITBUF-PITBRUST17,,,,,,,,,0
KXNHLFIRSTGOAL-26FEB05NSHWSH-WSHJCHYCHRUN6,,,,,,,,,0
KXNHLFIRSTGOAL-26FEB05PITBUF-BUFRDAHLIN26,,,,,,,,,0
KXNBAAST-26FEB05UTAATL-ATLNALEXANDERWALKER7-8,,,,,,,,,0
KXNHLFIRSTGOAL-26FEB05NSHWSH-WSHJCARLSON74,,,,,,,,,0
KXNHLFIRSTGOAL-26FEB05NSHWSH-NSHRJOSI59,,,,,,,,,0
KXNHLFIRSTGOAL-26FEB05NSHWSH-NSHROREILLY90,,,,,,,,,0
KXNBABLK-26FEB05SASDAL-SASVWEMBANYAMA1-4,,,,,,,,,0
KXNHLFIRSTGOAL-26FEB05NSHWSH-WSHEFRANK53,,,,,,,,,0
KXNHLFIRSTGOAL-26FEB05PITBUF-PITEMALKIN71,,,,,,,,,0
KXNHLFIRSTGOAL-26FEB05PITBUF-BUFBBYRAM4,,,,,,,,,0
KXNHLFIRSTGOAL-26FEB05PITBUF-BUFNOSTLUND86,,,,,,,,,0
KXNBA3PT-26FEB05SASDAL-SASDFOX4-4,,,,,,,,,0
KXNBA3PT-26FEB05SASDAL-SASDFOX4-3,,,,,,,,,0
KXNBAREB-26FEB05CHAHOU-CHALBALL1-5,,,,,,,,,0
KXNBAAST-26FEB05CHAHOU-CHALBALL1-8,,,,,,,,,0
KXNBA3PT-26FEB05CHAHOU-CHALBALL1-5,,,,,,,,,0
KXNBAPTS-26FEB05CHAHOU-HOUASENGUN28-30,,,,,,,,,0
KXNBAAST-26FEB05SASDAL-SASDFOX4-10,,,,,,,,,0
KXNBAREB-26FEB05CHAHOU-CHAKKNUEPPEL7-5,,,,,,,,,0
KXNBA3PT-26FEB05UTAATL-ATLJJOHNSON1-4,,,,,,,,,0
KXNBAAST-26FEB05SASDAL-SASSCASTLE5-7,,,,,,,,,0
KXNBAREB-26FEB05UTAATL-ATLNALEXANDERWALKER7-4,,,,,,,,,0
KXNBAAST-26FEB05UTAATL-UTALMARKKANEN23-4,,,,,,,,,0
KXNBA3PT-26FEB05UTAATL-ATLNALEXANDERWALKER7-4,,,,,,,,,0
KXNBA3PT-26FEB05CHITOR-TORSBARNES4-1,,,,,,,,,0
KXNHLFIRSTGOAL-26FEB05NSHWSH-WSHTWILSON43,,,,,,,,,0
KXNBAREB-26FEB05CHAHOU-CHALBALL1-8,,,,,,,,,0
KXNBA3PT-26FEB05UTAATL-ATLJJOHNSON1-2,,,,,,,,,0
KXNBA2D-26FEB05SASDAL-SASSCASTLE5,,,,,,,,,0
KXNBAPTS-26FEB05UTAATL-ATLDDANIELS5-20,,,,,,,,,0
KXNBA3PT-26FEB05UTAATL-ATLNALEXANDERWALKER7-3,,,,,,,,,0
KXNBA3PT-26FEB05SASDAL-SASSCASTLE5-3,,,,,,,,,0
KXNBAREB-26FEB05CHAHOU-HOUATHOMPSON1-10,,,,,,,,,0
KXNBAREB-26FEB05CHAHOU-HOUASENGUN28-9,,,,,,,,,0
KXNBA2D-26FEB05CHITOR-TORSBARNES4,,,,,,,,,0
KXNBA3PT-26FEB05CHAHOU-CHAMBRIDGES0-2,,,,,,,,,0
KXNBAREB-26FEB05SASDAL-DALCFLAGG32-12,,,,,,,,,0
KXNBA3PT-26FEB05UTAATL-ATLCMCCOLLUM3-3,,,,,,,,,0
KXNBAREB-26FEB05SASDAL-SASVWEMBANYAMA1-11,,,,,,,,,0
KXNBAREB-26FEB05SASDAL-SASSCASTLE5-6,,,,,,,,,0
KXNBAREB-26FEB05SASDAL-DALCFLAGG32-4,,,,,,,,,0
KXNBAAST-26FEB05SASDAL-SASVWEMBANYAMA1-6,,,,,,,,,0
KXNBAAST-26FEB05SASDAL-SASSCASTLE5-10,,,,,,,,,0
KXNBAAST-26FEB05SASDAL-SASDFOX4-4,,,,,,,,,0
KXNBA3PT-26FEB05SASDAL-DALCFLAGG32-5,,,,,,,,,0
KXNBA3PT-26FEB05SASDAL-DALCFLAGG32-3,,,,,,,,,0
KXNBASTL-26FEB05CHAHOU-CHAMBRIDGES0-3,,,,,,,,,0
KXNBASTL-26FEB05CHAHOU-CHAKKNUEPPEL7-3,,,,,,,,,0
KXNBASTL-26FEB05CHAHOU-HOUATHOMPSON1-2,,,,,,,,,0
KXNBASTL-26FEB05CHAHOU-CHALBALL1-3,,,,,,,,,0
KXNBAREB-26FEB05CHAHOU-HOUKDURANT7-8,,,,,,,,,0
KXNBAREB-26FEB05CHAHOU-CHAKKNUEPPEL7-8,,,,,,,,,0
KXNBAPTS-26FEB05CHAHOU-HOUATHOMPSON1-25,,,,,,,,,0
KXNBABLK-26FEB05CHAHOU-CHAMBRIDGES0-3,,,,,,,,,0
KXNBAAST-26FEB05CHAHOU-HOUATHOMPSON1-10,,,,,,,,,0
KXNBAAST-26FEB05CHAHOU-HOUASENGUN28-10,,,,,,,,,0
KXNBAAST-26FEB05CHAHOU-CHAMBRIDGES0-8,,,,,,,,,0
KXNBAAST-26FEB05CHAHOU-CHAMBRIDGES0-6,,,,,,,,,0
KXNBAAST-26FEB05CHAHOU-CHALBALL1-12,,,,,,,,,0
KXNBAAST-26FEB05CHAHOU-CHALBALL1-10,,,,,,,,,0
KXNBAAST-26FEB05CHAHOU-CHAKKNUEPPEL7-6,,,,,,,,,0
KXNBAAST-26FEB05CHAHOU-CHAKKNUEPPEL7-10,,,,,,,,,0
KXNBA3PT-26FEB05CHAHOU-CHAMBRIDGES0-5,,,,,,,,,0
KXNBA3PT-26FEB05CHAHOU-CHAKKNUEPPEL7-5,,,,,,,,,0
KXNBASTL-26FEB05UTAATL-ATLJJOHNSON1-3,,,,,,,,,0
KXNBASTL-26FEB05UTAATL-ATLDDANIELS5-3,,,,,,,,,0
KXNBASTL-26FEB05CHITOR-TORSBARNES4-3,,,,,,,,,0
KXNBASTL-26FEB05CHITOR-TORSBARNES4-1,,,,,,,,,0
KXNBAREB-26FEB05UTAATL-UTALMARKKANEN23-10,,,,,,,,,0
KXNBAREB-26FEB05UTAATL-UTALMARKKANEN23-8,,,,,,,,,0
KXNBAREB-26FEB05UTAATL-UTALMARKKANEN23-7,,,,,,,,,0
KXNBAREB-26FEB05UTAATL-UTALMARKKANEN23-6,,,,,,,,,0
KXNBAREB-26FEB05UTAATL-ATLDDANIELS5-7,,,,,,,,,0
KXNBAREB-26FEB05UTAATL-ATLNALEXANDERWALKER7-6,,,,,,,,,0
KXNBAREB-26FEB05CHITOR-TORSBARNES4-12,,,,,,,,,0
KXNBAPTS-26FEB05UTAATL-UTALMARKKANEN23-35,,,,,,,,,0
KXNBAPTS-26FEB05UTAATL-UTALMARKKANEN23-20,,,,,,,,,0
KXNBAPTS-26FEB05UTAATL-ATLJJOHNSON1-35,,,,,,,,,0
KXNBAPTS-26FEB05UTAATL-ATLJJOHNSON1-30,,,,,,,,,0
KXNBAPTS-26FEB05CHITOR-TORSBARNES4-30,,,,,,,,,0
KXNBABLK-26FEB05CHITOR-TORSBARNES4-3,,,,,,,,,0
KXNBABLK-26FEB05CHITOR-TORSBARNES4-2,,,,,,,,,0
KXNBAAST-26FEB05UTAATL-UTALMARKKANEN23-3,,,,,,,,,0
KXNBAAST-26FEB05UTAATL-UTALMARKKANEN23-2,,,,,,,,,0
KXNBAAST-26FEB05UTAATL-ATLNALEXANDERWALKER7-6,,,,,,,,,0
KXNBAAST-26FEB05UTAATL-ATLCMCCOLLUM3-8,,,,,,,,,0
KXNBAAST-26FEB05UTAATL-ATLCMCCOLLUM3-6,,,,,,,,,0
KXNBAAST-26FEB05UTAATL-ATLCMCCOLLUM3-4,,,,,,,,,0
KXNBAAST-26FEB05UTAATL-ATLCMCCOLLUM3-10,,,,,,,,,0
KXNBAAST-26FEB05CHITOR-TORSBARNES4-8,,,,,,,,,0
KXNBAAST-26FEB05CHITOR-TORSBARNES4-10,,,,,,,,,0
KXNBA3PT-26FEB05UTAATL-UTALMARKKANEN23-5,,,,,,,,,0
KXNBA3PT-26FEB05UTAATL-UTALMARKKANEN23-4,,,,,,,,,0
KXNBA3PT-26FEB05UTAATL-ATLNALEXANDERWALKER7-2,,,,,,,,,0
KXNBA3PT-26FEB05UTAATL-ATLJJOHNSON1-5,,,,,,,,,0
KXNBA3PT-26FEB05UTAATL-ATLJJOHNSON1-3,,,,,,,,,0
KXNBA3PT-26FEB05UTAATL-ATLJJOHNSON1-1,,,,,,,,,0
KXNBA3PT-26FEB05UTAATL-ATLCMCCOLLUM3-5,,,,,,,,,0
KXNBA3PT-26FEB05UTAATL-ATLCMCCOLLUM3-4,,,,,,,,,0
KXNBA3PT-26FEB05UTAATL-ATLCMCCOLLUM3-2,,,,,,,,,0
KXNBA3PT-26FEB05CHITOR-TORSBARNES4-2,,,,,,,,,0
KXNBA3PT-26FEB05CHAHOU-HOUKDURANT7-3,,,,,,,,,0
KXNHLFIRSTGOAL-26FEB05FLATB-TBBHAGEL38,,,,,,,,,0
KXNBA3PT-26FEB05UTAATL-UTALMARKKANEN23-3,,,,,,,,,0
KXNHLFIRSTGOAL-26FEB05OTTPHI-PHITZEGRAS46,,,,,,,,,0
KXNHLFIRSTGOAL-26FEB05OTTPHI-PHITKONECNY11,,,,,,,,,0
KXNBA2D-26FEB05UTAATL-ATLCMCCOLLUM3,,,,,,,,,0
KXNBA2D-26FEB05CHAHOU-HOUKDURANT7,,,,,,,,,0
KXNHLFIRSTGOAL-26FEB05OTTPHI-OTTJSANDERSON85,,,,,,,,,0
KXNHLFIRSTGOAL-26FEB05OTTPHI-OTTDBATHERSON19,,,,,,,,,0
KXNHLFIRSTGOAL-26FEB05FLATB-FLASREINHART13,,,,,,,,,0
KXNHLFIRSTGOAL-26FEB05OTTPHI-OTTDCOZENS24,,,,,,,,,0
KXNHLFIRSTGOAL-26FEB05FLATB-TBGGONCALVES93,,,,,,,,,0
KXNHLFIRSTGOAL-26FEB05FLATB-FLACVERHAEGHE23,,,,,,,,,0
KXNHLFIRSTGOAL-26FEB05FLATB-TBNKUCHEROV86,,,,,,,,,0
KXNHLFIRSTGOAL-26FEB05OTTPHI-PHIJDRYSDALE9,,,,,,,,,0
KXNHLFIRSTGOAL-26FEB05OTTPHI-OTTTSTUTZLE18,,,,,,,,,0
KXNHLFIRSTGOAL-26FEB05OTTPHI-OTTSPINTO12,,,,,,,,,0
KXNHLFIRSTGOAL-26FEB05FLATB-TBDJAMES17,,,,,,,,,0
KXNHLFIRSTGOAL-26FEB05OTTPHI-PHIMMICHKOV39,,,,,,,,,0
KXNHLFIRSTGOAL-26FEB05FLATB-FLAUBALINSKIS26,,,,,,,,,0
KXNHLFIRSTGOAL-26FEB05FLATB-TBJGUENTZEL59,,,,,,,,,0
KXNBA2D-26FEB05UTAATL-UTALMARKKANEN23,,,,,,,,,0
KXNHLFIRSTGOAL-26FEB05FLATB-FLAALUNDELL15,,,,,,,,,0
KXNHLFIRSTGOAL-26FEB05FLATB-FLASBENNETT9,,,,,,,,,0
KXNHLFIRSTGOAL-26FEB05FLATB-TBDRADDYSH43,,,,,,,,,0
KXNHLFIRSTGOAL-26FEB05FLATB-FLAGFORSLING42,,,,,,,,,0
KXNBA2D-26FEB05CHAHOU-CHAKKNUEPPEL7,,,,,,,,,0
KXNBA2D-26FEB05CHAHOU-HOUATHOMPSON1,,,,,,,,,0
KXNBA2D-26FEB05CHAHOU-HOUASENGUN28,,,,,,,,,0
KXNBA2D-26FEB05CHAHOU-CHAMBRIDGES0,,,,,,,,,0
KXNHLFIRSTGOAL-26FEB05NYINJ-NYITDEANGELO77,,,,,,,,,0
KXNHLFIRSTGOAL-26FEB05NYINJ-NJDMERCER91,,,,,,,,,0
KXNBA3PT-26FEB05SASDAL-SASVWEMBANYAMA1-5,,,,,,,,,0
KXNHLFIRSTGOAL-26FEB05NYINJ-NYIBHORVAT14,,,,,,,,,0
KXNBAALLSTARS-26-PBAN,0.0,0.0,0.0,-0.0,0.0,0.0,1.0,0.0,5
KXNHLFIRSTGOAL-26FEB05NYINJ-NYIALEE27,,,,,,,,,0
KXNHLFIRSTGOAL-26FEB05NYINJ-NYIMSCHAEFER48,,,,,,,,,0
KXNHLFIRSTGOAL-26FEB05NYINJ-NJDHAMILTON7,,,,,,,,,0
KXNHLFIRSTGOAL-26FEB05NYINJ-NYISHOLMSTROM10,,,,,,,,,0
KXNHLFIRSTGOAL-26FEB05NYINJ-NYIMBARZAL13,,,,,,,,,0
KXNHLFIRSTGOAL-26FEB05NYINJ-NJSNEMEC17,,,,,,,,,0
KXNHLFIRSTGOAL-26FEB05NYINJ-NJJBRATT63,,,,,,,,,0
KXNHLFIRSTGOAL-26FEB05NYINJ-NJOPALAT18,,,,,,,,,0
KXNBA2D-26FEB05UTAATL-ATLDDANIELS5,,,,,,,,,0
KXNHLGOAL-26FEB05NYINJ-NJNHISCHIER13,,,,,,,,,0
KXNBA2D-26FEB05SASDAL-SASDFOX4,,,,,,,,,0
KXNHLFIRSTGOAL-26FEB05NYINJ-NJNHISCHIER13,,,,,,,,,0
KXNHLGOAL-26FEB05PITBUF-PITBKINDEL81,,,,,,,,,0
KXNHLGOAL-26FEB05PITBUF-BUFJZUCKER17,,,,,,,,,0
KXNHLGOAL-26FEB05NSHWSH-WSHJCHYCHRUN6,,,,,,,,,0
KXNBA2D-26FEB05CHAHOU-CHALBALL1,,,,,,,,,0
KXNHLGOAL-26FEB05FLATB-TBBHAGEL38,,,,,,,,,0
KXNBA2D-26FEB05UTAATL-ATLNALEXANDERWALKER7,,,,,,,,,0
KXNHLPTS-26FEB05FLATB-TBJGUENTZEL59-2,,,,,,,,,0
KXNBAAST-26FEB05UTAATL-ATLNALEXANDERWALKER7-4,,,,,,,,,0
KXNHLGOAL-26FEB05NYINJ-NYIBHORVAT14,,,,,,,,,0
KXNBAREB-26FEB05CHAHOU-CHAKKNUEPPEL7-4,,,,,,,,,0
KXNBA3D-26FEB05UTAATL-ATLJJOHNSON1,,,,,,,,,0
KXNHLPTS-26FEB05PITBUF-BUFBBYRAM4-1,,,,,,,,,0
KXNHLPTS-26FEB05NSHWSH-WSHJCHYCHRUN6-2,,,,,,,,,0
KXNHLPTS-26FEB05NSHWSH-WSHJCARLSON74-1,,,,,,,,,0
KXNHLAST-26FEB05NSHWSH-WSHJCHYCHRUN6-1,,,,,,,,,0
KXNHLAST-26FEB05NSHWSH-WSHJCARLSON74-1,,,,,,,,,0
KXNHLAST-26FEB05NSHWSH-WSHDSTROME17-1,,,,,,,,,0
KXNHLPTS-26FEB05PITBUF-PITAMANTHA39-1,,,,,,,,,0
KXNHLGOAL-26FEB05NSHWSH-WSHTWILSON43,,,,,,,,,0
KXNHLGOAL-26FEB05NSHWSH-NSHJMARCHESSAULT81,,,,,,,,,0
KXNBA3PT-26FEB05CHAHOU-CHAKKNUEPPEL7-2,,,,,,,,,0
KXNHLGOAL-26FEB05PITBUF-BUFTTHOMPSON72,,,,,,,,,0
KXNBA3D-26FEB05CHAHOU-CHALBALL1,,,,,,,,,0
KXNBA2D-26FEB05SASDAL-SASVWEMBANYAMA1,,,,,,,,,0
KXNBAREB-26FEB05UTAATL-ATLDDANIELS5-6,,,,,,,,,0
KXNBAREB-26FEB05UTAATL-ATLJJOHNSON1-16,,,,,,,,,0
KXNHLFIRSTGOAL-26FEB05PITBUF-BUFJZUCKER17,,,,,,,,,0
KXNHLGOAL-26FEB05OTTPHI-OTTTSTUTZLE18,,,,,,,,,0
KXNBAALLSTARS-26-NVUC,0.0,0.0,0.0,0.0,0.0,0.0,1.0,0.0,3
KXNBAALLSTARS-26-MBRI,0.0,0.0,0.0,-0.0,0.0,0.0,1.0,0.0,5
KXNBAALLSTARS-26-JJAC,0.0,0.0,0.0,-0.0,0.0,0.0,1.0,0.0,5
KXNBAALLSTARS-26-IZUB,0.0,0.0,0.0,-0.0,0.0,0.0,1.0,0.0,5
KXNBAALLSTARS-26-DSAB,0.0,0.0,0.0,0.0,0.0,0.0,1.0,0.0,5
KXNBAALLSTARS-26-DDAN,0.0,0.0,0.0,-0.0,0.0,0.0,1.0,0.0,5
KXNBAALLSTARS-26-ASAR,0.0,0.0,0.0,-0.0,0.0,0.0,1.0,0.0,5
KXNBAALLSTARS-26SDC-VEDG,0.0,0.0,0.0,-0.0,0.0,0.0,1.0,0.0,4
KXNBAALLSTARS-26SDC-SSHA,0.0,0.0,0.0,-0.0,0.0,0.0,1.0,0.0,4
KXNBAALLSTARS-26SDC-JMOR,0.0,0.0,0.0,-0.0,0.0,0.0,1.0,0.0,4
KXNBAALLSTARS-26SDC-AMTHO,0.0,0.0,0.0,-0.0,0.0,0.0,1.0,0.0,4
KXSOCCERTRANSFER-26-SAVI,0.0,0.0,0.0,-0.0,0.0,0.0,1.0,0.0,5
KXSOCCERTRANSFER-26-MSAL,0.0,0.0,0.0,-0.0,0.0,0.0,1.0,0.0,5
KXSOCCERTRANSFER-26-GJES,0.0,0.0,0.0,-0.0,0.0,0.0,1.0,0.0,5
KXNBASTL-26FEB05SASDAL-SASVWEMBANYAMA1-2,,,,,,,,,0
KXNBASTL-26FEB05SASDAL-SASSCASTLE5-3,,,,,,,,,0
KXNBASTL-26FEB05SASDAL-DALCFLAGG32-2,,,,,,,,,0
KXNBAAST-26FEB05SASDAL-SASVWEMBANYAMA1-2,,,,,,,,,0
KXNBA3D-26FEB05SASDAL-SASVWEMBANYAMA1,,,,,,,,,0
KXNBASTL-26FEB05CHAHOU-CHAMBRIDGES0-1,,,,,,,,,0
KXNBASTL-26FEB05CHAHOU-HOUATHOMPSON1-1,,,,,,,,,0
KXNBABLK-26FEB05CHAHOU-HOUATHOMPSON1-1,,,,,,,,,0
KXNBABLK-26FEB05CHAHOU-HOUASENGUN28-1,,,,,,,,,0
KXNBAAST-26FEB05CHAHOU-CHAKKNUEPPEL7-2,,,,,,,,,0
KXNBA3D-26FEB05CHAHOU-HOUASENGUN28,,,,,,,,,0
KXNHLPTS-26FEB05FLATB-TBOBJORKSTRAND22-2,,,,,,,,,0
KXNHLPTS-26FEB05FLATB-TBOBJORKSTRAND22-1,,,,,,,,,0
KXNHLPTS-26FEB05FLATB-TBNKUCHEROV86-2,,,,,,,,,0
KXNHLPTS-26FEB05FLATB-TBDRADDYSH43-2,,,,,,,,,0
KXNHLPTS-26FEB05FLATB-FLASBENNETT9-2,,,,,,,,,0
KXNHLPTS-26FEB05FLATB-FLASBENNETT9-1,,,,,,,,,0
KXNHLPTS-26FEB05FLATB-FLACVERHAEGHE23-1,,,,,,,,,0
KXNHLPTS-26FEB05FLATB-FLAALUNDELL15-1,,,,,,,,,0
KXNHLAST-26FEB05FLATB-TBNKUCHEROV86-2,,,,,,,,,0
KXNHLAST-26FEB05FLATB-TBDRADDYSH43-1,,,,,,,,,0
KXNHLAST-26FEB05FLATB-FLASREINHART13-1,,,,,,,,,0
KXNHLAST-26FEB05FLATB-FLAALUNDELL15-1,,,,,,,,,0
KXNBASTL-26FEB05UTAATL-ATLNALEXANDERWALKER7-1,,,,,,,,,0
KXNBASTL-26FEB05UTAATL-ATLJJOHNSON1-1,,,,,,,,,0
KXNBAREB-26FEB05CHITOR-TORSBARNES4-6,,,,,,,,,0
KXNBABLK-26FEB05CHITOR-TORSBARNES4-1,,,,,,,,,0
KXNHLPTS-26FEB05PITBUF-PITSCROSBY87-2,,,,,,,,,0
KXNHLPTS-26FEB05PITBUF-PITEMALKIN71-1,,,,,,,,,0
KXNHLPTS-26FEB05PITBUF-PITBKINDEL81-2,,,,,,,,,0
KXNHLPTS-26FEB05PITBUF-BUFTTHOMPSON72-2,,,,,,,,,0
KXNHLPTS-26FEB05PITBUF-BUFRDAHLIN26-3,,,,,,,,,0
KXNHLPTS-26FEB05PITBUF-BUFRDAHLIN26-2,,,,,,,,,0
KXNHLPTS-26FEB05PITBUF-BUFJQUINN22-3,,,,,,,,,0
KXNHLPTS-26FEB05PITBUF-BUFJQUINN22-1,,,,,,,,,0
KXNHLPTS-26FEB05PITBUF-BUFJDOAN91-2,,,,,,,,,0
KXNHLPTS-26FEB05PITBUF-BUFJDOAN91-1,,,,,,,,,0
KXNHLPTS-26FEB05PITBUF-BUFIROSEN63-1,,,,,,,,,0
KXNHLPTS-26FEB05PITBUF-BUFATUCH89-3,,,,,,,,,0
KXNHLPTS-26FEB05PITBUF-BUFATUCH89-2,,,,,,,,,0
KXNHLPTS-26FEB05OTTPHI-PHITZEGRAS46-1,,,,,,,,,0
KXNHLPTS-26FEB05OTTPHI-PHINCATES27-2,,,,,,,,,0
KXNHLPTS-26FEB05OTTPHI-PHIMMICHKOV39-2,,,,,,,,,0
KXNHLPTS-26FEB05OTTPHI-OTTTCHABOT72-2,,,,,,,,,0
KXNHLPTS-26FEB05OTTPHI-OTTJSANDERSON85-1,,,,,,,,,0
KXNHLPTS-26FEB05OTTPHI-OTTCGIROUX28-2,,,,,,,,,0
KXNHLPTS-26FEB05OTTPHI-OTTCGIROUX28-1,,,,,,,,,0
KXNHLPTS-26FEB05NYINJ-NYIMSCHAEFER48-2,,,,,,,,,0
KXNHLPTS-26FEB05NYINJ-NYIMSCHAEFER48-1,,,,,,,,,0
KXNHLPTS-26FEB05NYINJ-NYIMBARZAL13-2,,,,,,,,,0
KXNHLPTS-26FEB05NYINJ-NYIEHEINEMAN51-2,,,,,,,,,0
KXNHLPTS-26FEB05NYINJ-NJDHAMILTON7-1,,,,,,,,,0
KXNHLPTS-26FEB05NYINJ-NJAGRITSYUK81-2,,,,,,,,,0
KXNHLPTS-26FEB05NSHWSH-WSHDSTROME17-2,,,,,,,,,0
KXNHLPTS-26FEB05NSHWSH-WSHAOVECHKIN8-1,,,,,,,,,0
KXNHLPTS-26FEB05NSHWSH-NSHSSTAMKOS91-1,,,,,,,,,0
KXNHLPTS-26FEB05NSHWSH-NSHRJOSI59-2,,,,,,,,,0
KXNHLPTS-26FEB05NSHWSH-NSHRJOSI59-1,,,,,,,,,0
KXNHLPTS-26FEB05NSHWSH-NSHEHAULA56-2,,,,,,,,,0
KXNHLGOAL-26FEB05OTTPHI-PHIJDRYSDALE9,,,,,,,,,0
KXNHLGOAL-26FEB05NYINJ-NYIMBARZAL13,,,,,,,,,0
KXNHLAST-26FEB05PITBUF-PITSCROSBY87-1,,,,,,,,,0
KXNHLAST-26FEB05PITBUF-PITEMALKIN71-1,,,,,,,,,0
KXNHLAST-26FEB05PITBUF-PITBKINDEL81-1,,,,,,,,,0
KXNHLAST-26FEB05PITBUF-BUFRMCLEOD71-2,,,,,,,,,0
KXNHLAST-26FEB05PITBUF-BUFRDAHLIN26-1,,,,,,,,,0
KXNHLAST-26FEB05PITBUF-BUFJZUCKER17-2,,,,,,,,,0
KXNHLAST-26FEB05NYINJ-NJJBRATT63-1,,,,,,,,,0
KXNHLAST-26FEB05NSHWSH-WSHTWILSON43-1,,,,,,,,,0
